#
# There is insufficient memory for the Java Runtime Environment to continue.
# Native memory allocation (mmap) failed to map 1048576 bytes. Error detail: G1 virtual space
# Possible reasons:
#   The system is out of physical RAM or swap space
#   This process is running with CompressedOops enabled, and the Java Heap may be blocking the growth of the native heap
# Possible solutions:
#   Reduce memory load on the system
#   Increase physical memory or swap space
#   Check if swap backing store is full
#   Decrease Java heap size (-Xmx/-Xms)
#   Decrease number of Java threads
#   Decrease Java thread stack sizes (-Xss)
#   Set larger code cache with -XX:ReservedCodeCacheSize=
#   JVM is running with Unscaled Compressed Oops mode in which the Java heap is
#     placed in the first 4GB address space. The Java Heap base address is the
#     maximum limit for the native heap growth. Please use -XX:HeapBaseMinAddress
#     to set the Java Heap base and to place the Java Heap above 4GB virtual address.
# This output file may be truncated or incomplete.
#
#  Out of Memory Error (os_windows.cpp:3815), pid=61912, tid=21684
#
# JRE version: OpenJDK Runtime Environment (21.0.3) (build 21.0.3+-12282718-b509.11)
# Java VM: OpenJDK 64-Bit Server VM (21.0.3+-12282718-b509.11, mixed mode, tiered, compressed oops, compressed class ptrs, g1 gc, windows-amd64)
# No core dump will be written. Minidumps are not enabled by default on client versions of Windows
#

---------------  S U M M A R Y ------------

Command Line: --add-opens=java.base/java.util=ALL-UNNAMED --add-opens=java.base/java.lang=ALL-UNNAMED --add-opens=java.base/java.lang.invoke=ALL-UNNAMED --add-opens=java.prefs/java.util.prefs=ALL-UNNAMED --add-exports=jdk.compiler/com.sun.tools.javac.api=ALL-UNNAMED --add-exports=jdk.compiler/com.sun.tools.javac.util=ALL-UNNAMED --add-opens=java.base/java.nio.charset=ALL-UNNAMED --add-opens=java.base/java.net=ALL-UNNAMED --add-opens=java.base/java.util.concurrent.atomic=ALL-UNNAMED -Xmx2048m -Dfile.encoding=UTF-8 -Duser.country=US -Duser.language=en -Duser.variant -javaagent:C:\Users\DELL\.gradle\wrapper\dists\gradle-8.9-bin\90cnw93cvbtalezasaz0blq0a\gradle-8.9\lib\agents\gradle-instrumentation-agent-8.9.jar org.gradle.launcher.daemon.bootstrap.GradleDaemon 8.9

Host: Intel(R) Core(TM) i5-10200H CPU @ 2.40GHz, 8 cores, 7G,  Windows 10 , 64 bit Build 19041 (10.0.19041.5678)
Time: Wed May 14 14:33:47 2025 Egypt Daylight Time elapsed time: 1698.223703 seconds (0d 0h 28m 18s)

---------------  T H R E A D  ---------------

Current thread (0x000001f32a382c40):  JavaThread "ForkJoinPool.commonPool-worker-4" daemon [_thread_in_vm, id=21684, stack(0x0000005265000000,0x0000005265100000) (1024K)]

Stack: [0x0000005265000000,0x0000005265100000]
Native frames: (J=compiled Java code, j=interpreted, Vv=VM code, C=native code)
V  [jvm.dll+0x6cafb9]
V  [jvm.dll+0x858523]
V  [jvm.dll+0x85aa7e]
V  [jvm.dll+0x85b163]
V  [jvm.dll+0x27d356]
V  [jvm.dll+0x6c7865]
V  [jvm.dll+0x6bbd3a]
V  [jvm.dll+0x35199b]
V  [jvm.dll+0x3595d6]
V  [jvm.dll+0x3aa52b]
V  [jvm.dll+0x3aabe4]
V  [jvm.dll+0x3aa736]
V  [jvm.dll+0x3244f4]
V  [jvm.dll+0x3226af]
V  [jvm.dll+0x65d840]
V  [jvm.dll+0x23dc42]
V  [jvm.dll+0x81c937]
V  [jvm.dll+0x727707]
C  0x000001f312061b29

The last pc belongs to _new_array_Java (printed below).
Java frames: (J=compiled Java code, j=interpreted, Vv=VM code)
v  ~RuntimeStub::_new_array_Java 0x000001f312061b29
J 12819 c2 java.nio.ByteBuffer.allocate(I)Ljava/nio/ByteBuffer; java.base@21.0.3 (20 bytes) @ 0x000001f312b4d508 [0x000001f312b4d2a0+0x0000000000000268]
j  com.android.apksig.internal.apk.ApkSigningBlockUtils$ChunkSupplier.get()Lcom/android/apksig/internal/apk/ApkSigningBlockUtils$ChunkSupplier$Chunk;+99
j  com.android.apksig.internal.apk.ApkSigningBlockUtils$ChunkDigester.run()V+226
j  java.util.concurrent.ForkJoinTask$AdaptedInterruptibleRunnable.compute()Ljava/lang/Object;+4 java.base@21.0.3
j  java.util.concurrent.ForkJoinTask$InterruptibleTask.exec()Z+51 java.base@21.0.3
J 24423 c1 java.util.concurrent.ForkJoinTask.doExec()V java.base@21.0.3 (32 bytes) @ 0x000001f30ca9aac4 [0x000001f30ca9a980+0x0000000000000144]
j  java.util.concurrent.ForkJoinPool$WorkQueue.topLevelExec(Ljava/util/concurrent/ForkJoinTask;Ljava/util/concurrent/ForkJoinPool$WorkQueue;I)V+49 java.base@21.0.3
J 26318 c2 java.util.concurrent.ForkJoinPool.scan(Ljava/util/concurrent/ForkJoinPool$WorkQueue;JI)J java.base@21.0.3 (301 bytes) @ 0x000001f312f24ad0 [0x000001f312f24840+0x0000000000000290]
j  java.util.concurrent.ForkJoinPool.runWorker(Ljava/util/concurrent/ForkJoinPool$WorkQueue;)V+62 java.base@21.0.3
j  java.util.concurrent.ForkJoinWorkerThread.run()V+31 java.base@21.0.3
v  ~StubRoutines::call_stub 0x000001f311f5100d
--------------------------------------------------------------------------------
Decoding CodeBlob, name: _new_array_Java, at  [0x000001f312061b00, 0x000001f312061b70]  112 bytes
[MachCode]
  0x000001f312061b00: 4881 ec28 | 0000 0048 | 896c 2420 | 4989 a798 | 0300 0048 | 8bca 418b | d04d 8bc7 | 49ba d076 
  0x000001f312061b20: 11f8 fc7f | 0000 41ff | d20f 1f84 | 0000 0000 | 004d 89a7 | 9803 0000 | 4d89 a7a0 | 0300 0049 
  0x000001f312061b40: 8b87 f003 | 0000 4d89 | a7f0 0300 | 004d 3b67 | 0875 0648 | 83c4 205d | c333 db49 | ba00 0ff5 
  0x000001f312061b60: 11f3 0100 | 0048 83c4 | 205d 41ff | e2f4 f4f4 
[/MachCode]
--------------------------------------------------------------------------------


Compiled method (c2) 1698375 12819       4       java.nio.ByteBuffer::allocate (20 bytes)
 total in heap  [0x000001f312b4d110,0x000001f312b4d6f8] = 1512
 relocation     [0x000001f312b4d270,0x000001f312b4d2a0] = 48
 main code      [0x000001f312b4d2a0,0x000001f312b4d570] = 720
 stub code      [0x000001f312b4d570,0x000001f312b4d588] = 24
 metadata       [0x000001f312b4d588,0x000001f312b4d608] = 128
 scopes data    [0x000001f312b4d608,0x000001f312b4d648] = 64
 scopes pcs     [0x000001f312b4d648,0x000001f312b4d698] = 80
 dependencies   [0x000001f312b4d698,0x000001f312b4d6c8] = 48
 handler table  [0x000001f312b4d6c8,0x000001f312b4d6f8] = 48

[Constant Pool (empty)]

[MachCode]
[Verified Entry Point]
  # {method} {0x000001f320246080} 'allocate' '(I)Ljava/nio/ByteBuffer;' in 'java/nio/ByteBuffer'
  # parm0:    rdx       = int
  #           [sp+0x60]  (sp of caller)
  0x000001f312b4d2a0: 8984 2400 | 80ff ff55 | 4883 ec50 | 4181 7f20 | 2700 0000 | 0f85 ab02 | 0000 8954 | 2420 6690 
  0x000001f312b4d2c0: 85d2 0f8c | 5d02 0000 | 498b afb8 | 0100 004c | 8bd5 4983 | c238 6666 | 0f1f 8400 | 0000 0000 
  0x000001f312b4d2e0: 4d3b 97c8 | 0100 000f | 83e4 0100 | 004d 8997 | b801 0000 | 410f 0d8a | c000 0000 | 48c7 4500 
  0x000001f312b4d300: 0100 0000 

  0x000001f312b4d304: ;   {metadata('java/nio/HeapByteBuffer')}
  0x000001f312b4d304: c745 0861 | ea00 2044 | 8965 0c4c | 8965 104c | 8965 184c | 8965 204c | 8965 284c | 8965 3044 
  0x000001f312b4d324: 8b5c 2420 | 4181 fb00 | 0010 000f | 87e3 0100 | 0049 63cb | 0f1f 8400 | 0000 0000 | 4181 fb00 
  0x000001f312b4d344: 0010 000f | 87a7 0100 | 004d 8b87 | b801 0000 | 4883 c117 | 4c8b d149 | 83e2 f84d | 8bd8 4d03 
  0x000001f312b4d364: da4d 3b9f | c801 0000 | 0f83 8201 | 0000 4d89 | 9fb8 0100 | 0041 0f0d | 8bc0 0000 | 0049 c700 
  0x000001f312b4d384: 0100 0000 | 410f 0d8b | 0001 0000 

  0x000001f312b4d390: ;   {metadata({type array byte})}
  0x000001f312b4d390: 41c7 4008 | 4a81 0020 | 448b 4c24 | 2045 8948 | 0c41 0f0d | 8b40 0100 | 0049 8bf8 | 4883 c710 
  0x000001f312b4d3b0: 410f 0d8b | 8001 0000 | 48c1 e903 | 4883 c1fe | 4833 c048 | 83f9 087f | 1048 ffc9 | 784f 4889 
  0x000001f312b4d3d0: 04cf 48ff | c97d f7eb | 44c5 fdef | c0e9 0d00 | 0000 c5fe | 7f07 c5fe | 7f47 2048 | 83c7 4048 
  0x000001f312b4d3f0: 83e9 087d | ed48 83c1 | 047c 0cc5 | fe7f 0748 | 83c7 2048 | 83e9 0448 | 83c1 047e | 1048 ffc9 
  0x000001f312b4d410: c5f9 d607 | 4883 c708 | 48ff c97d | f3c7 450c | ffff ffff | 448b 5424 | 2044 8955 | 1c44 8955 
  0x000001f312b4d430: 20c6 452d | 0144 8865 | 2e4d 8bd8 | 4489 5d30 | 4d8b d04c | 8bdd 4d33 | d349 c1ea | 144d 85d2 
  0x000001f312b4d450: 7416 49c1 | eb09 48b9 | 0000 d519 | f301 0000 | 4903 cb80 | 3902 7522 | 4489 6528 | 48c7 4510 
  0x000001f312b4d470: 1000 0000 | 488b c548 | 83c4 505d 

  0x000001f312b4d47c: ;   {poll_return}
  0x000001f312b4d47c: 493b a750 | 0400 000f | 87c6 0000 | 00c3 4d8b | 5748 4d8b | 5f58 f083 | 4424 c000 | 8039 0074 
  0x000001f312b4d49c: cb44 8821 | 4d85 d275 | 1d49 8bd7 | 49ba 60d1 | d0f7 fc7f | 0000 41ff 

  0x000001f312b4d4b4: ;   {other}
  0x000001f312b4d4b4: d20f 1f84 | 0000 0000 | 0066 6690 | eba6 4b89 | 4c13 f849 | 83c2 f84d | 8957 48eb 

  0x000001f312b4d4d0: ;   {metadata('java/nio/HeapByteBuffer')}
  0x000001f312b4d4d0: 9748 ba08 | 5307 0001 | 0000 008b 

  0x000001f312b4d4dc: ;   {runtime_call _new_instance_Java}
  0x000001f312b4d4dc: 6c24 20e8 

  0x000001f312b4d4e0: ; ImmutableOopMap {}
                      ;*new {reexecute=0 rethrow=0 return_oop=1}
                      ; - java.nio.ByteBuffer::allocate@9
  0x000001f312b4d4e0: 1c49 51ff 

  0x000001f312b4d4e4: ;   {other}
  0x000001f312b4d4e4: 0f1f 8400 | d403 0000 | 488b e8e9 | 2ffe ffff 

  0x000001f312b4d4f4: ;   {metadata({type array byte})}
  0x000001f312b4d4f4: 48ba 500a | 0400 0100 | 0000 448b 

  0x000001f312b4d500: ;   {runtime_call _new_array_Java}
  0x000001f312b4d500: 4424 20e8 

  0x000001f312b4d504: ; ImmutableOopMap {rbp=Oop }
                      ;*newarray {reexecute=0 rethrow=0 return_oop=1}
                      ; - java.nio.HeapByteBuffer::<init>@6
                      ; - java.nio.ByteBuffer::allocate@16
  0x000001f312b4d504: f845 51ff 

  0x000001f312b4d508: ;   {other}
  0x000001f312b4d508: 0f1f 8400 | f803 0001 | 4c8b c0e9 | 05ff ffff | 4963 cb0f | 1f44 0000 | e913 feff | ffba 45ff 
  0x000001f312b4d528: ffff 8b6c 

  0x000001f312b4d52c: ;   {runtime_call UncommonTrapBlob}
  0x000001f312b4d52c: 2420 90e8 

  0x000001f312b4d530: ; ImmutableOopMap {}
                      ;*ifge {reexecute=1 rethrow=0 return_oop=0}
                      ; - (reexecute) java.nio.ByteBuffer::allocate@1
  0x000001f312b4d530: cc70 45ff 

  0x000001f312b4d534: ;   {other}
  0x000001f312b4d534: 0f1f 8400 | 2404 0002 | 488b d090 | eb03 488b | d048 83c4 

  0x000001f312b4d548: ;   {runtime_call _rethrow_Java}
  0x000001f312b4d548: 505d e931 

  0x000001f312b4d54c: ;   {internal_word}
  0x000001f312b4d54c: b251 ff49 | ba7c d4b4 | 12f3 0100 | 004d 8997 | 6804 0000 

  0x000001f312b4d560: ;   {runtime_call SafepointBlob}
  0x000001f312b4d560: e99b 8145 

  0x000001f312b4d564: ;   {runtime_call StubRoutines (final stubs)}
  0x000001f312b4d564: ffe8 b6c5 | 43ff e94b | fdff fff4 
[Exception Handler]
  0x000001f312b4d570: ;   {no_reloc}
  0x000001f312b4d570: e98b 4b51 | ffe8 0000 | 0000 4883 

  0x000001f312b4d57c: ;   {runtime_call DeoptimizationBlob}
  0x000001f312b4d57c: 2c24 05e9 | 1c74 45ff | f4f4 f4f4 
[/MachCode]


Compiled method (c1) 1698392 24423   !   3       java.util.concurrent.ForkJoinTask::doExec (32 bytes)
 total in heap  [0x000001f30ca9a790,0x000001f30ca9aff0] = 2144
 relocation     [0x000001f30ca9a8f0,0x000001f30ca9a980] = 144
 main code      [0x000001f30ca9a980,0x000001f30ca9ae10] = 1168
 stub code      [0x000001f30ca9ae10,0x000001f30ca9ae88] = 120
 metadata       [0x000001f30ca9ae88,0x000001f30ca9aeb0] = 40
 scopes data    [0x000001f30ca9aeb0,0x000001f30ca9af28] = 120
 scopes pcs     [0x000001f30ca9af28,0x000001f30ca9afc8] = 160
 dependencies   [0x000001f30ca9afc8,0x000001f30ca9afd8] = 16
 handler table  [0x000001f30ca9afd8,0x000001f30ca9aff0] = 24

[Constant Pool (empty)]

[MachCode]
[Entry Point]
  # {method} {0x000001f320f0abc0} 'doExec' '()V' in 'java/util/concurrent/ForkJoinTask'
  #           [sp+0x60]  (sp of caller)
  0x000001f30ca9a980: 448b 5208 | 49c1 e203 

  0x000001f30ca9a988: ;   {runtime_call ic_miss_stub}
  0x000001f30ca9a988: 4c3b d00f | 85ef 3d50 | 0566 6666 | 0f1f 8400 | 0000 0000 | 6666 6690 
[Verified Entry Point]
  0x000001f30ca9a9a0: 8984 2400 | 80ff ff55 | 4883 ec50 | 4181 7f20 | 2700 0000 

  0x000001f30ca9a9b4: ;   {runtime_call StubRoutines (final stubs)}
  0x000001f30ca9a9b4: 7405 e865 | f14e 0548 | 8954 2438 

  0x000001f30ca9a9c0: ;   {metadata(method data for {method} {0x000001f320f0abc0} 'doExec' '()V' in 'java/util/concurrent/ForkJoinTask')}
  0x000001f30ca9a9c0: 48be 7021 | 382e f301 | 0000 8bbe | cc00 0000 | 83c7 0289 | becc 0000 | 0081 e7fe | 0700 0085 
  0x000001f30ca9a9e0: ff0f 8468 | 0300 008b | 720c 85f6 

  0x000001f30ca9a9ec: ;   {metadata(method data for {method} {0x000001f320f0abc0} 'doExec' '()V' in 'java/util/concurrent/ForkJoinTask')}
  0x000001f30ca9a9ec: 48be 7021 | 382e f301 | 0000 48bf | 1001 0000 | 0000 0000 | 7c0a 48bf | 2001 0000 | 0000 0000 
  0x000001f30ca9aa0c: 488b 1c3e | 488d 5b01 | 4889 1c3e | 0f8c 1e03 | 0000 488b 

  0x000001f30ca9aa20: ;   {metadata(method data for {method} {0x000001f320f0abc0} 'doExec' '()V' in 'java/util/concurrent/ForkJoinTask')}
  0x000001f30ca9aa20: f248 bf70 | 2138 2ef3 | 0100 008b | 7608 48c1 | e603 483b | b740 0100 | 0075 0d48 | 8387 4801 
  0x000001f30ca9aa40: 0000 01e9 | 6000 0000 | 483b b750 | 0100 0075 | 0d48 8387 | 5801 0000 | 01e9 4a00 | 0000 4883 
  0x000001f30ca9aa60: bf40 0100 | 0000 7517 | 4889 b740 | 0100 0048 | c787 4801 | 0000 0100 | 0000 e929 | 0000 0048 
  0x000001f30ca9aa80: 83bf 5001 | 0000 0075 | 1748 89b7 | 5001 0000 | 48c7 8758 | 0100 0001 | 0000 00e9 | 0800 0000 
  0x000001f30ca9aaa0: 4883 8730 | 0100 0001 | 488b f248 | 8bd6 0f1f | 8000 0000 | 0048 b820 | 5e6d 27f3 

  0x000001f30ca9aabc: ;   {virtual_call}
  0x000001f30ca9aabc: 0100 00e8 

  0x000001f30ca9aac0: ; ImmutableOopMap {[56]=Oop }
                      ;*invokevirtual exec {reexecute=0 rethrow=0 return_oop=0}
                      ; - java.util.concurrent.ForkJoinTask::doExec@10
  0x000001f30ca9aac0: 5c0b 5005 

  0x000001f30ca9aac4: ;   {other}
  0x000001f30ca9aac4: 0f1f 8400 | 3403 0000 

  0x000001f30ca9aacc: ;   {metadata(method data for {method} {0x000001f320f0abc0} 'doExec' '()V' in 'java/util/concurrent/ForkJoinTask')}
  0x000001f30ca9aacc: 49b8 7021 | 382e f301 | 0000 41ff | 8068 0100 | 00e9 8001 | 0000 498b | 8700 0500 | 004d 33d2 
  0x000001f30ca9aaec: 4d89 9700 | 0500 004d | 33d2 4d89 | 9708 0500 | 0048 8b54 

  0x000001f30ca9ab00: ;   {metadata(method data for {method} {0x000001f320f0abc0} 'doExec' '()V' in 'java/util/concurrent/ForkJoinTask')}
  0x000001f30ca9ab00: 2438 49b8 | 7021 382e | f301 0000 | 4983 8080 | 0100 0001 

  0x000001f30ca9ab14: ;   {metadata(method data for {method} {0x000001f320f0a6c0} 'trySetException' '(Ljava/lang/Throwable;)V' in 'java/util/concurrent/ForkJoinTask')}
  0x000001f30ca9ab14: 49b8 c023 | 382e f301 | 0000 418b | 90cc 0000 | 0083 c202 | 4189 90cc | 0000 0081 | e2fe ff1f 
  0x000001f30ca9ab34: 0085 d20f | 8433 0200 | 0048 8b54 

  0x000001f30ca9ab40: ;   {metadata(method data for {method} {0x000001f320f0a6c0} 'trySetException' '(Ljava/lang/Throwable;)V' in 'java/util/concurrent/ForkJoinTask')}
  0x000001f30ca9ab40: 2438 49b8 | c023 382e | f301 0000 | 4983 8010 | 0100 0001 | 4c8b c048 | 8b54 2438 | 4889 4424 
  0x000001f30ca9ab60: 4066 0f1f 

  0x000001f30ca9ab64: ;   {optimized virtual_call}
  0x000001f30ca9ab64: 4400 00e8 

  0x000001f30ca9ab68: ; ImmutableOopMap {[56]=Oop [64]=Oop }
                      ;*invokevirtual trySetThrown {reexecute=0 rethrow=0 return_oop=0}
                      ; - java.util.concurrent.ForkJoinTask::trySetException@2
                      ; - java.util.concurrent.ForkJoinTask::doExec@20
  0x000001f30ca9ab68: 143f 5005 

  0x000001f30ca9ab6c: ;   {other}
  0x000001f30ca9ab6c: 0f1f 8400 | dc03 0001 

  0x000001f30ca9ab74: ;   {metadata(method data for {method} {0x000001f320f0a6c0} 'trySetException' '(Ljava/lang/Throwable;)V' in 'java/util/concurrent/ForkJoinTask')}
  0x000001f30ca9ab74: 85c0 49b8 | c023 382e | f301 0000 | 48ba 4801 | 0000 0000 | 0000 740a | 48ba 5801 | 0000 0000 
  0x000001f30ca9ab94: 0000 498b | 3410 488d | 7601 4989 | 3410 0f84 | b500 0000 | 488b 5424 

  0x000001f30ca9abac: ;   {metadata(method data for {method} {0x000001f320f0a6c0} 'trySetException' '(Ljava/lang/Throwable;)V' in 'java/util/concurrent/ForkJoinTask')}
  0x000001f30ca9abac: 3849 b8c0 | 2338 2ef3 | 0100 008b | 5208 48c1 | e203 493b | 9078 0100 | 0075 0d49 | 8380 8001 
  0x000001f30ca9abcc: 0000 01e9 | 6000 0000 | 493b 9088 | 0100 0075 | 0d49 8380 | 9001 0000 | 01e9 4a00 | 0000 4983 
  0x000001f30ca9abec: b878 0100 | 0000 7517 | 4989 9078 | 0100 0049 | c780 8001 | 0000 0100 | 0000 e929 | 0000 0049 
  0x000001f30ca9ac0c: 83b8 8801 | 0000 0075 | 1749 8990 | 8801 0000 | 49c7 8090 | 0100 0001 | 0000 00e9 | 0800 0000 
  0x000001f30ca9ac2c: 4983 8068 | 0100 0001 

  0x000001f30ca9ac34: ;   {metadata(method data for {method} {0x000001f320f0a608} 'onAuxExceptionSet' '(Ljava/lang/Throwable;)V' in 'java/util/concurrent/ForkJoinTask')}
  0x000001f30ca9ac34: 49b8 f028 | 382e f301 | 0000 418b | 90cc 0000 | 0083 c202 | 4189 90cc | 0000 0081 | e2fe ff1f 
  0x000001f30ca9ac54: 0085 d20f | 8434 0100 | 00b8 0000 | 0000 85c0 

  0x000001f30ca9ac64: ;   {metadata(method data for {method} {0x000001f320f0abc0} 'doExec' '()V' in 'java/util/concurrent/ForkJoinTask')}
  0x000001f30ca9ac64: 49b8 7021 | 382e f301 | 0000 48ba | b801 0000 | 0000 0000 | 740a 48ba | c801 0000 | 0000 0000 
  0x000001f30ca9ac84: 498b 3410 | 488d 7601 | 4989 3410 | 0f84 a600 | 0000 488b | 5424 384c 

  0x000001f30ca9ac9c: ;   {metadata(method data for {method} {0x000001f320f0abc0} 'doExec' '()V' in 'java/util/concurrent/ForkJoinTask')}
  0x000001f30ca9ac9c: 8bc2 48be | 7021 382e | f301 0000 | 4883 86d8 | 0100 0001 

  0x000001f30ca9acb0: ;   {metadata(method data for {method} {0x000001f320f0a2f8} 'setDone' '()V' in 'java/util/concurrent/ForkJoinTask')}
  0x000001f30ca9acb0: 49b8 202a | 382e f301 | 0000 418b | b0cc 0000 | 0083 c602 | 4189 b0cc | 0000 0081 | e6fe ff1f 
  0x000001f30ca9acd0: 0085 f60f | 84d9 0000 | 004c 8bc2 

  0x000001f30ca9acdc: ;   {metadata(method data for {method} {0x000001f320f0a2f8} 'setDone' '()V' in 'java/util/concurrent/ForkJoinTask')}
  0x000001f30ca9acdc: 48be 202a | 382e f301 | 0000 4883 | 8610 0100 | 0001 41b8 | 0000 0080 | 488b f248 | 8bd6 0f1f 
  0x000001f30ca9acfc: ;   {optimized virtual_call}
  0x000001f30ca9acfc: 4400 00e8 

  0x000001f30ca9ad00: ; ImmutableOopMap {[56]=Oop }
                      ;*invokevirtual getAndBitwiseOrStatus {reexecute=0 rethrow=0 return_oop=0}
                      ; - java.util.concurrent.ForkJoinTask::setDone@3
                      ; - java.util.concurrent.ForkJoinTask::doExec@28
  0x000001f30ca9ad00: bc7e ad05 

  0x000001f30ca9ad04: ;   {other}
  0x000001f30ca9ad04: 0f1f 8400 | 7405 0002 | 488b 5424 

  0x000001f30ca9ad10: ;   {metadata(method data for {method} {0x000001f320f0a2f8} 'setDone' '()V' in 'java/util/concurrent/ForkJoinTask')}
  0x000001f30ca9ad10: 3848 be20 | 2a38 2ef3 | 0100 0048 | 8386 4801 | 0000 0148 | 8b54 2438 | 0f1f 8000 

  0x000001f30ca9ad2c: ;   {optimized virtual_call}
  0x000001f30ca9ad2c: 0000 00e8 

  0x000001f30ca9ad30: ; ImmutableOopMap {}
                      ;*invokevirtual signalWaiters {reexecute=0 rethrow=0 return_oop=0}
                      ; - java.util.concurrent.ForkJoinTask::setDone@8
                      ; - java.util.concurrent.ForkJoinTask::doExec@28
  0x000001f30ca9ad30: 2c91 a705 

  0x000001f30ca9ad34: ;   {other}
  0x000001f30ca9ad34: 0f1f 8400 | a405 0003 | 4883 c450 

  0x000001f30ca9ad40: ;   {poll_return}
  0x000001f30ca9ad40: 5d49 3ba7 | 5004 0000 | 0f87 8500 

  0x000001f30ca9ad4c: ;   {metadata({method} {0x000001f320f0abc0} 'doExec' '()V' in 'java/util/concurrent/ForkJoinTask')}
  0x000001f30ca9ad4c: 0000 c349 | bab8 abf0 | 20f3 0100 | 004c 8954 | 2408 48c7 | 0424 ffff 

  0x000001f30ca9ad64: ;   {runtime_call counter_overflow Runtime1 stub}
  0x000001f30ca9ad64: ffff e815 

  0x000001f30ca9ad68: ; ImmutableOopMap {rdx=Oop [56]=Oop }
                      ;*synchronization entry
                      ; - java.util.concurrent.ForkJoinTask::doExec@-1
  0x000001f30ca9ad68: 5e5c 05e9 | 77fc ffff 

  0x000001f30ca9ad70: ;   {metadata({method} {0x000001f320f0a6c0} 'trySetException' '(Ljava/lang/Throwable;)V' in 'java/util/concurrent/ForkJoinTask')}
  0x000001f30ca9ad70: 49ba b8a6 | f020 f301 | 0000 4c89 | 5424 0848 | c704 24ff 

  0x000001f30ca9ad84: ;   {runtime_call counter_overflow Runtime1 stub}
  0x000001f30ca9ad84: ffff ffe8 

  0x000001f30ca9ad88: ; ImmutableOopMap {rax=Oop [56]=Oop }
                      ;*synchronization entry
                      ; - java.util.concurrent.ForkJoinTask::trySetException@-1
                      ; - java.util.concurrent.ForkJoinTask::doExec@20
  0x000001f30ca9ad88: f45d 5c05 | e9ac fdff 

  0x000001f30ca9ad90: ;   {metadata({method} {0x000001f320f0a608} 'onAuxExceptionSet' '(Ljava/lang/Throwable;)V' in 'java/util/concurrent/ForkJoinTask')}
  0x000001f30ca9ad90: ff49 ba00 | a6f0 20f3 | 0100 004c | 8954 2408 | 48c7 0424 | ffff ffff 

  0x000001f30ca9ada8: ;   {runtime_call counter_overflow Runtime1 stub}
  0x000001f30ca9ada8: e8d3 5d5c 

  0x000001f30ca9adac: ; ImmutableOopMap {[56]=Oop }
                      ;*synchronization entry
                      ; - java.util.concurrent.ForkJoinTask::onAuxExceptionSet@-1
                      ; - java.util.concurrent.ForkJoinTask::trySetException@10
                      ; - java.util.concurrent.ForkJoinTask::doExec@20
  0x000001f30ca9adac: 05e9 abfe 

  0x000001f30ca9adb0: ;   {metadata({method} {0x000001f320f0a2f8} 'setDone' '()V' in 'java/util/concurrent/ForkJoinTask')}
  0x000001f30ca9adb0: ffff 49ba | f0a2 f020 | f301 0000 | 4c89 5424 | 0848 c704 | 24ff ffff 

  0x000001f30ca9adc8: ;   {runtime_call counter_overflow Runtime1 stub}
  0x000001f30ca9adc8: ffe8 b25d 

  0x000001f30ca9adcc: ; ImmutableOopMap {rdx=Oop [56]=Oop }
                      ;*synchronization entry
                      ; - java.util.concurrent.ForkJoinTask::setDone@-1
                      ; - java.util.concurrent.ForkJoinTask::doExec@28
  0x000001f30ca9adcc: 5c05 e906 

  0x000001f30ca9add0: ;   {internal_word}
  0x000001f30ca9add0: ffff ff49 | ba41 ada9 | 0cf3 0100 | 004d 8997 | 6804 0000 

  0x000001f30ca9ade4: ;   {runtime_call SafepointBlob}
  0x000001f30ca9ade4: e917 a950 | 0549 8b87 | 0005 0000 | 49c7 8700 | 0500 0000 | 0000 0049 | c787 0805 | 0000 0000 
  0x000001f30ca9ae04: 0000 4883 

  0x000001f30ca9ae08: ;   {runtime_call unwind_exception Runtime1 stub}
  0x000001f30ca9ae08: c450 5de9 | 70fd 5b05 
[Stub Code]
  0x000001f30ca9ae10: ;   {no_reloc}
  0x000001f30ca9ae10: 0f1f 4400 

  0x000001f30ca9ae14: ;   {static_stub}
  0x000001f30ca9ae14: 0048 bb00 | 0000 0000 

  0x000001f30ca9ae1c: ;   {runtime_call}
  0x000001f30ca9ae1c: 0000 00e9 | fbff ffff 

  0x000001f30ca9ae24: ;   {static_stub}
  0x000001f30ca9ae24: 48bb 0000 | 0000 0000 

  0x000001f30ca9ae2c: ;   {runtime_call}
  0x000001f30ca9ae2c: 0000 e9fb 

  0x000001f30ca9ae30: ;   {static_stub}
  0x000001f30ca9ae30: ffff ff48 | bb18 9ff0 | 20f3 0100 

  0x000001f30ca9ae3c: ;   {runtime_call I2C/C2I adapters}
  0x000001f30ca9ae3c: 00e9 1c8f 

  0x000001f30ca9ae40: ;   {static_stub}
  0x000001f30ca9ae40: 5005 48bb | 20a2 f020 | f301 0000 

  0x000001f30ca9ae4c: ;   {runtime_call I2C/C2I adapters}
  0x000001f30ca9ae4c: e909 8650 

  0x000001f30ca9ae50: ;   {runtime_call handle_exception_from_callee Runtime1 stub}
  0x000001f30ca9ae50: 05e8 2a2a 

  0x000001f30ca9ae54: ;   {external_word}
  0x000001f30ca9ae54: 5c05 48b9 | c03f 32f8 | fc7f 0000 | 4883 e4f0 

  0x000001f30ca9ae64: ;   {runtime_call}
  0x000001f30ca9ae64: 48b8 002e | 01f8 fc7f | 0000 ffd0 

  0x000001f30ca9ae70: ;   {section_word}
  0x000001f30ca9ae70: f449 ba71 | aea9 0cf3 | 0100 0041 

  0x000001f30ca9ae7c: ;   {runtime_call DeoptimizationBlob}
  0x000001f30ca9ae7c: 52e9 1e9b | 5005 f4f4 | f4f4 f4f4 
[/MachCode]


---------------  P R O C E S S  ---------------

Threads class SMR info:
_java_thread_list=0x000001f3259cc200, length=172, elements={
0x000001f305832f20, 0x000001f31f172060, 0x000001f31f14ea60, 0x000001f31f17c3d0,
0x000001f31f15a410, 0x000001f31f15ae70, 0x000001f31f15b8d0, 0x000001f31f15c660,
0x000001f31f15d8a0, 0x000001f31f28ef60, 0x000001f31f42e880, 0x000001f32518c620,
0x000001f324308de0, 0x000001f324fb5650, 0x000001f3243d4900, 0x000001f3243d3be0,
0x000001f3243d2ec0, 0x000001f3271f0980, 0x000001f3271edb90, 0x000001f3271ec150,
0x000001f3271f02f0, 0x000001f3271f1010, 0x000001f3271ea080, 0x000001f3255af510,
0x000001f3255ac090, 0x000001f3268df090, 0x000001f3268e2510, 0x000001f32580dcf0,
0x000001f3273ad060, 0x000001f3273aeaa0, 0x000001f3273ad6f0, 0x000001f329fa3e40,
0x000001f329fa44d0, 0x000001f329fa1050, 0x000001f329fa3120, 0x000001f3273add80,
0x000001f3273afe50, 0x000001f3273ae410, 0x000001f325ac99c0, 0x000001f325aca050,
0x000001f325ac9330, 0x000001f325ac8ca0, 0x000001f32a875f00, 0x000001f329692100,
0x000001f329691a70, 0x000001f329d9b8b0, 0x000001f329d9b220, 0x000001f329d99150,
0x000001f329d9cc60, 0x000001f329d9bf40, 0x000001f3295c1290, 0x000001f3295c1920,
0x000001f3295c1fb0, 0x000001f329bfd3e0, 0x000001f329bfe100, 0x000001f329692790,
0x000001f32a10b9b0, 0x000001f32a10d3f0, 0x000001f32a10ac90, 0x000001f32a10c6d0,
0x000001f3273af130, 0x000001f32a10b320, 0x000001f32a10c040, 0x000001f32a10cd60,
0x000001f32a10e110, 0x000001f32a10da80, 0x000001f32fba3fb0, 0x000001f32fba59f0,
0x000001f3291660d0, 0x000001f32580a1e0, 0x000001f32580bc20, 0x000001f3258073f0,
0x000001f3258066d0, 0x000001f32580af00, 0x000001f32580b590, 0x000001f32580c2b0,
0x000001f3291653b0, 0x000001f325ac6d60, 0x000001f325ac73f0, 0x000001f325ac59b0,
0x000001f325ac7a80, 0x000001f325ac8110, 0x000001f329573ed0, 0x000001f325ac6040,
0x000001f32fba4640, 0x000001f32fba6710, 0x000001f32fba6080, 0x000001f32fb6e740,
0x000001f32fba4cd0, 0x000001f32ff1ec60, 0x000001f32ff1e5d0, 0x000001f32ff1d8b0,
0x000001f325ac66d0, 0x000001f325ac5320, 0x000001f325ac4c90, 0x000001f32ff1df40,
0x000001f3282f08c0, 0x000001f3282edad0, 0x000001f3282ed440, 0x000001f3282ef510,
0x000001f3282efba0, 0x000001f3282eee80, 0x000001f3287fc650, 0x000001f32a873e30,
0x000001f32a874b50, 0x000001f32a875870, 0x000001f32a873110, 0x000001f32a8751e0,
0x000001f32a3804e0, 0x000001f32a3825b0, 0x000001f32f25a890, 0x000001f32f257aa0,
0x000001f32f2587c0, 0x000001f32f25af20, 0x000001f32f258130, 0x000001f32f25a200,
0x000001f32f258e50, 0x000001f32f793400, 0x000001f32f7947b0, 0x000001f32f794e40,
0x000001f32f7954d0, 0x000001f32f792d70, 0x000001f3282f0230, 0x000001f32a726810,
0x000001f32580cfd0, 0x000001f325807a80, 0x000001f32580d660, 0x000001f32580a870,
0x000001f325808110, 0x000001f3258087a0, 0x000001f325808e30, 0x000001f32f793a90,
0x000001f32f794120, 0x000001f32f795b60, 0x000001f32f7926e0, 0x000001f32a727bc0,
0x000001f32a727530, 0x000001f329573840, 0x000001f32a381200, 0x000001f32a37fe50,
0x000001f32a37f7c0, 0x000001f32a381890, 0x000001f3258094c0, 0x000001f329da1e80,
0x000001f329da2510, 0x000001f329571770, 0x000001f3295710e0, 0x000001f3282ee160,
0x000001f32fba6da0, 0x000001f3255ae160, 0x000001f3255a9930, 0x000001f3287fa580,
0x000001f32a380b70, 0x000001f32fba5360, 0x000001f32fba7430, 0x000001f3282ee7f0,
0x000001f32fd4bab0, 0x000001f32fd4a700, 0x000001f32fd4b420, 0x000001f32fd4a070,
0x000001f3287f9ef0, 0x000001f33768d860, 0x000001f329da1160, 0x000001f33768a3e0,
0x000001f339469b60, 0x000001f33768aa70, 0x000001f32a381f20, 0x000001f32a382c40,
0x000001f33768b100, 0x000001f33768be20, 0x000001f3255a8c10, 0x000001f329bfe790
}

Java Threads: ( => current thread )
  0x000001f305832f20 JavaThread "main"                              [_thread_blocked, id=12592, stack(0x0000005259b00000,0x0000005259c00000) (1024K)]
  0x000001f31f172060 JavaThread "Reference Handler"          daemon [_thread_blocked, id=56832, stack(0x000000525a300000,0x000000525a400000) (1024K)]
  0x000001f31f14ea60 JavaThread "Finalizer"                  daemon [_thread_blocked, id=27832, stack(0x000000525a400000,0x000000525a500000) (1024K)]
  0x000001f31f17c3d0 JavaThread "Signal Dispatcher"          daemon [_thread_blocked, id=62040, stack(0x000000525a500000,0x000000525a600000) (1024K)]
  0x000001f31f15a410 JavaThread "Attach Listener"            daemon [_thread_blocked, id=29972, stack(0x000000525a600000,0x000000525a700000) (1024K)]
  0x000001f31f15ae70 JavaThread "Service Thread"             daemon [_thread_blocked, id=67040, stack(0x000000525a700000,0x000000525a800000) (1024K)]
  0x000001f31f15b8d0 JavaThread "Monitor Deflation Thread"   daemon [_thread_blocked, id=32052, stack(0x000000525a800000,0x000000525a900000) (1024K)]
  0x000001f31f15c660 JavaThread "C2 CompilerThread0"         daemon [_thread_blocked, id=39716, stack(0x000000525a900000,0x000000525aa00000) (1024K)]
  0x000001f31f15d8a0 JavaThread "C1 CompilerThread0"         daemon [_thread_blocked, id=57548, stack(0x000000525aa00000,0x000000525ab00000) (1024K)]
  0x000001f31f28ef60 JavaThread "Common-Cleaner"             daemon [_thread_blocked, id=61700, stack(0x000000525ab00000,0x000000525ac00000) (1024K)]
  0x000001f31f42e880 JavaThread "Notification Thread"        daemon [_thread_blocked, id=65520, stack(0x000000525ac00000,0x000000525ad00000) (1024K)]
  0x000001f32518c620 JavaThread "Daemon health stats"               [_thread_blocked, id=5396, stack(0x000000525b200000,0x000000525b300000) (1024K)]
  0x000001f324308de0 JavaThread "Incoming local TCP Connector on port 62168"        [_thread_in_native, id=40432, stack(0x000000525ad00000,0x000000525ae00000) (1024K)]
  0x000001f324fb5650 JavaThread "Daemon periodic checks"            [_thread_blocked, id=21804, stack(0x000000525b300000,0x000000525b400000) (1024K)]
  0x000001f3243d4900 JavaThread "Cache worker for journal cache (C:\Users\DELL\.gradle\caches\journal-1)"        [_thread_blocked, id=60328, stack(0x000000525bf00000,0x000000525c000000) (1024K)]
  0x000001f3243d3be0 JavaThread "File lock request listener"        [_thread_in_native, id=10624, stack(0x000000525c000000,0x000000525c100000) (1024K)]
  0x000001f3243d2ec0 JavaThread "Cache worker for file hash cache (C:\Users\DELL\.gradle\caches\8.9\fileHashes)"        [_thread_blocked, id=9920, stack(0x000000525c100000,0x000000525c200000) (1024K)]
  0x000001f3271f0980 JavaThread "File watcher server"        daemon [_thread_in_native, id=6840, stack(0x000000525c200000,0x000000525c300000) (1024K)]
  0x000001f3271edb90 JavaThread "File watcher consumer"      daemon [_thread_blocked, id=19720, stack(0x000000525c500000,0x000000525c600000) (1024K)]
  0x000001f3271ec150 JavaThread "Cache worker for file content cache (C:\Users\DELL\.gradle\caches\8.9\fileContent)"        [_thread_blocked, id=37812, stack(0x000000525c700000,0x000000525c800000) (1024K)]
  0x000001f3271f02f0 JavaThread "jar transforms"                    [_thread_blocked, id=34992, stack(0x000000525cb00000,0x000000525cc00000) (1024K)]
  0x000001f3271f1010 JavaThread "jar transforms Thread 2"           [_thread_blocked, id=42812, stack(0x000000525ca00000,0x000000525cb00000) (1024K)]
  0x000001f3271ea080 JavaThread "jar transforms Thread 3"           [_thread_blocked, id=47752, stack(0x000000525cc00000,0x000000525cd00000) (1024K)]
  0x000001f3255af510 JavaThread "jar transforms Thread 4"           [_thread_blocked, id=50348, stack(0x000000525e200000,0x000000525e300000) (1024K)]
  0x000001f3255ac090 JavaThread "jar transforms Thread 5"           [_thread_blocked, id=19632, stack(0x000000525e300000,0x000000525e400000) (1024K)]
  0x000001f3268df090 JavaThread "Memory manager"                    [_thread_blocked, id=39752, stack(0x000000525e500000,0x000000525e600000) (1024K)]
  0x000001f3268e2510 JavaThread "jar transforms Thread 6"           [_thread_blocked, id=51816, stack(0x000000525e600000,0x000000525e700000) (1024K)]
  0x000001f32580dcf0 JavaThread "pool-3-thread-1"                   [_thread_blocked, id=47900, stack(0x000000525e700000,0x000000525e800000) (1024K)]
  0x000001f3273ad060 JavaThread "jar transforms Thread 7"           [_thread_blocked, id=36556, stack(0x000000525d900000,0x000000525da00000) (1024K)]
  0x000001f3273aeaa0 JavaThread "jar transforms Thread 8"           [_thread_blocked, id=8128, stack(0x000000525db00000,0x000000525dc00000) (1024K)]
  0x000001f3273ad6f0 JavaThread "pool-6-thread-1"                   [_thread_blocked, id=45808, stack(0x000000525dc00000,0x000000525dd00000) (1024K)]
  0x000001f329fa3e40 JavaThread "Daemon Thread 3"                   [_thread_blocked, id=29300, stack(0x0000005259900000,0x0000005259a00000) (1024K)]
  0x000001f329fa44d0 JavaThread "Handler for socket connection from /127.0.0.1:62168 to /127.0.0.1:63593"        [_thread_in_native, id=20656, stack(0x0000005259a00000,0x0000005259b00000) (1024K)]
  0x000001f329fa1050 JavaThread "Cancel handler"                    [_thread_blocked, id=3620, stack(0x000000525b400000,0x000000525b500000) (1024K)]
  0x000001f329fa3120 JavaThread "Daemon worker Thread 3"            [_thread_blocked, id=63748, stack(0x000000525b500000,0x000000525b600000) (1024K)]
  0x000001f3273add80 JavaThread "Asynchronous log dispatcher for DefaultDaemonConnection: socket connection from /127.0.0.1:62168 to /127.0.0.1:63593"        [_thread_blocked, id=27652, stack(0x000000525b600000,0x000000525b700000) (1024K)]
  0x000001f3273afe50 JavaThread "Stdin handler"                     [_thread_blocked, id=16628, stack(0x000000525b700000,0x000000525b800000) (1024K)]
  0x000001f3273ae410 JavaThread "Daemon client event forwarder"        [_thread_blocked, id=38544, stack(0x000000525b800000,0x000000525b900000) (1024K)]
  0x000001f325ac99c0 JavaThread "Cache worker for file hash cache (C:\MySight1111\.gradle\8.9\fileHashes)"        [_thread_blocked, id=29464, stack(0x000000525b900000,0x000000525ba00000) (1024K)]
  0x000001f325aca050 JavaThread "Cache worker for Build Output Cleanup Cache (C:\MySight1111\.gradle\buildOutputCleanup)"        [_thread_blocked, id=61220, stack(0x000000525ba00000,0x000000525bb00000) (1024K)]
  0x000001f325ac9330 JavaThread "Cache worker for checksums cache (C:\MySight1111\.gradle\8.9\checksums)"        [_thread_blocked, id=38568, stack(0x000000525c300000,0x000000525c400000) (1024K)]
  0x000001f325ac8ca0 JavaThread "Cache worker for cache directory md-rule (C:\Users\DELL\.gradle\caches\8.9\md-rule)"        [_thread_blocked, id=29252, stack(0x000000525c400000,0x000000525c500000) (1024K)]
  0x000001f32a875f00 JavaThread "Cache worker for cache directory md-supplier (C:\Users\DELL\.gradle\caches\8.9\md-supplier)"        [_thread_blocked, id=10844, stack(0x000000525c600000,0x000000525c700000) (1024K)]
  0x000001f329692100 JavaThread "Unconstrained build operations"        [_thread_blocked, id=61004, stack(0x000000525c900000,0x000000525ca00000) (1024K)]
  0x000001f329691a70 JavaThread "Unconstrained build operations Thread 2"        [_thread_blocked, id=12328, stack(0x000000525cd00000,0x000000525ce00000) (1024K)]
  0x000001f329d9b8b0 JavaThread "Unconstrained build operations Thread 3"        [_thread_blocked, id=29736, stack(0x000000525ce00000,0x000000525cf00000) (1024K)]
  0x000001f329d9b220 JavaThread "Unconstrained build operations Thread 4"        [_thread_blocked, id=15424, stack(0x000000525cf00000,0x000000525d000000) (1024K)]
  0x000001f329d99150 JavaThread "Unconstrained build operations Thread 5"        [_thread_blocked, id=53588, stack(0x000000525d000000,0x000000525d100000) (1024K)]
  0x000001f329d9cc60 JavaThread "Unconstrained build operations Thread 6"        [_thread_blocked, id=50192, stack(0x000000525d100000,0x000000525d200000) (1024K)]
  0x000001f329d9bf40 JavaThread "Unconstrained build operations Thread 7"        [_thread_blocked, id=32996, stack(0x000000525d200000,0x000000525d300000) (1024K)]
  0x000001f3295c1290 JavaThread "Unconstrained build operations Thread 8"        [_thread_blocked, id=19588, stack(0x000000525c800000,0x000000525c900000) (1024K)]
  0x000001f3295c1920 JavaThread "Unconstrained build operations Thread 9"        [_thread_blocked, id=12892, stack(0x000000525d300000,0x000000525d400000) (1024K)]
  0x000001f3295c1fb0 JavaThread "Unconstrained build operations Thread 10"        [_thread_blocked, id=11376, stack(0x000000525d400000,0x000000525d500000) (1024K)]
  0x000001f329bfd3e0 JavaThread "Unconstrained build operations Thread 11"        [_thread_blocked, id=42568, stack(0x000000525d500000,0x000000525d600000) (1024K)]
  0x000001f329bfe100 JavaThread "Unconstrained build operations Thread 12"        [_thread_blocked, id=31872, stack(0x000000525d600000,0x000000525d700000) (1024K)]
  0x000001f329692790 JavaThread "Unconstrained build operations Thread 13"        [_thread_blocked, id=30100, stack(0x000000525d700000,0x000000525d800000) (1024K)]
  0x000001f32a10b9b0 JavaThread "Unconstrained build operations Thread 14"        [_thread_blocked, id=31468, stack(0x000000525d800000,0x000000525d900000) (1024K)]
  0x000001f32a10d3f0 JavaThread "build event listener"              [_thread_blocked, id=47088, stack(0x000000525da00000,0x000000525db00000) (1024K)]
  0x000001f32a10ac90 JavaThread "pool-9-thread-1"                   [_thread_blocked, id=53444, stack(0x000000525dd00000,0x000000525de00000) (1024K)]
  0x000001f32a10c6d0 JavaThread "build event listener"              [_thread_blocked, id=67472, stack(0x000000525de00000,0x000000525df00000) (1024K)]
  0x000001f3273af130 JavaThread "included builds"                   [_thread_blocked, id=66280, stack(0x000000525df00000,0x000000525e000000) (1024K)]
  0x000001f32a10b320 JavaThread "Execution worker"                  [_thread_blocked, id=31380, stack(0x000000525e000000,0x000000525e100000) (1024K)]
  0x000001f32a10c040 JavaThread "Execution worker Thread 2"         [_thread_blocked, id=54340, stack(0x000000525e100000,0x000000525e200000) (1024K)]
  0x000001f32a10cd60 JavaThread "Execution worker Thread 3"         [_thread_blocked, id=35340, stack(0x000000525e400000,0x000000525e500000) (1024K)]
  0x000001f32a10e110 JavaThread "Execution worker Thread 4"         [_thread_blocked, id=34292, stack(0x000000525e800000,0x000000525e900000) (1024K)]
  0x000001f32a10da80 JavaThread "Execution worker Thread 5"         [_thread_blocked, id=16324, stack(0x000000525e900000,0x000000525ea00000) (1024K)]
  0x000001f32fba3fb0 JavaThread "Execution worker Thread 6"         [_thread_blocked, id=46888, stack(0x000000525ea00000,0x000000525eb00000) (1024K)]
  0x000001f32fba59f0 JavaThread "Execution worker Thread 7"         [_thread_blocked, id=1352, stack(0x000000525eb00000,0x000000525ec00000) (1024K)]
  0x000001f3291660d0 JavaThread "Cache worker for execution history cache (C:\MySight1111\.gradle\8.9\executionHistory)"        [_thread_blocked, id=67108, stack(0x000000525ec00000,0x000000525ed00000) (1024K)]
  0x000001f32580a1e0 JavaThread "Unconstrained build operations Thread 15"        [_thread_blocked, id=24344, stack(0x000000525ed00000,0x000000525ee00000) (1024K)]
  0x000001f32580bc20 JavaThread "Unconstrained build operations Thread 16"        [_thread_blocked, id=18344, stack(0x000000525ee00000,0x000000525ef00000) (1024K)]
  0x000001f3258073f0 JavaThread "Unconstrained build operations Thread 17"        [_thread_blocked, id=54784, stack(0x000000525ef00000,0x000000525f000000) (1024K)]
  0x000001f3258066d0 JavaThread "Unconstrained build operations Thread 18"        [_thread_blocked, id=37792, stack(0x000000525f000000,0x000000525f100000) (1024K)]
  0x000001f32580af00 JavaThread "Unconstrained build operations Thread 19"        [_thread_blocked, id=43016, stack(0x000000525f100000,0x000000525f200000) (1024K)]
  0x000001f32580b590 JavaThread "Unconstrained build operations Thread 20"        [_thread_blocked, id=17520, stack(0x000000525f200000,0x000000525f300000) (1024K)]
  0x000001f32580c2b0 JavaThread "Unconstrained build operations Thread 21"        [_thread_blocked, id=21668, stack(0x000000525f300000,0x000000525f400000) (1024K)]
  0x000001f3291653b0 JavaThread "Unconstrained build operations Thread 22"        [_thread_blocked, id=20184, stack(0x000000525f400000,0x000000525f500000) (1024K)]
  0x000001f325ac6d60 JavaThread "Unconstrained build operations Thread 23"        [_thread_blocked, id=62232, stack(0x000000525f500000,0x000000525f600000) (1024K)]
  0x000001f325ac73f0 JavaThread "Unconstrained build operations Thread 24"        [_thread_blocked, id=56688, stack(0x000000525f600000,0x000000525f700000) (1024K)]
  0x000001f325ac59b0 JavaThread "Unconstrained build operations Thread 25"        [_thread_blocked, id=3096, stack(0x000000525f700000,0x000000525f800000) (1024K)]
  0x000001f325ac7a80 JavaThread "Unconstrained build operations Thread 26"        [_thread_blocked, id=14356, stack(0x000000525f800000,0x000000525f900000) (1024K)]
  0x000001f325ac8110 JavaThread "Unconstrained build operations Thread 27"        [_thread_blocked, id=37764, stack(0x000000525f900000,0x000000525fa00000) (1024K)]
  0x000001f329573ed0 JavaThread "WorkerExecutor Queue"              [_thread_blocked, id=21412, stack(0x000000525fa00000,0x000000525fb00000) (1024K)]
  0x000001f325ac6040 JavaThread "WorkerExecutor Queue Thread 2"        [_thread_in_native, id=27428, stack(0x000000525fc00000,0x000000525fd00000) (1024K)]
  0x000001f32fba4640 JavaThread "WorkerExecutor Queue Thread 3"        [_thread_blocked, id=67564, stack(0x000000525fd00000,0x000000525fe00000) (1024K)]
  0x000001f32fba6710 JavaThread "WorkerExecutor Queue Thread 4"        [_thread_in_native, id=19364, stack(0x000000525fe00000,0x000000525ff00000) (1024K)]
  0x000001f32fba6080 JavaThread "WorkerExecutor Queue Thread 7"        [_thread_blocked, id=12380, stack(0x0000005260100000,0x0000005260200000) (1024K)]
  0x000001f32fb6e740 JavaThread "Unconstrained build operations Thread 28"        [_thread_blocked, id=48664, stack(0x0000005260300000,0x0000005260400000) (1024K)]
  0x000001f32fba4cd0 JavaThread "Unconstrained build operations Thread 29"        [_thread_blocked, id=40080, stack(0x000000525fb00000,0x000000525fc00000) (1024K)]
  0x000001f32ff1ec60 JavaThread "Unconstrained build operations Thread 30"        [_thread_blocked, id=19012, stack(0x0000005260400000,0x0000005260500000) (1024K)]
  0x000001f32ff1e5d0 JavaThread "Unconstrained build operations Thread 31"        [_thread_blocked, id=36440, stack(0x0000005260500000,0x0000005260600000) (1024K)]
  0x000001f32ff1d8b0 JavaThread "Unconstrained build operations Thread 32"        [_thread_blocked, id=35040, stack(0x0000005260600000,0x0000005260700000) (1024K)]
  0x000001f325ac66d0 JavaThread "Unconstrained build operations Thread 33"        [_thread_blocked, id=35988, stack(0x0000005260700000,0x0000005260800000) (1024K)]
  0x000001f325ac5320 JavaThread "Unconstrained build operations Thread 34"        [_thread_blocked, id=40948, stack(0x0000005260800000,0x0000005260900000) (1024K)]
  0x000001f325ac4c90 JavaThread "Unconstrained build operations Thread 35"        [_thread_blocked, id=3560, stack(0x0000005260900000,0x0000005260a00000) (1024K)]
  0x000001f32ff1df40 JavaThread "Unconstrained build operations Thread 36"        [_thread_blocked, id=4312, stack(0x0000005260a00000,0x0000005260b00000) (1024K)]
  0x000001f3282f08c0 JavaThread "Unconstrained build operations Thread 37"        [_thread_blocked, id=13260, stack(0x0000005260b00000,0x0000005260c00000) (1024K)]
  0x000001f3282edad0 JavaThread "Unconstrained build operations Thread 38"        [_thread_blocked, id=6072, stack(0x0000005260c00000,0x0000005260d00000) (1024K)]
  0x000001f3282ed440 JavaThread "Unconstrained build operations Thread 39"        [_thread_blocked, id=18092, stack(0x0000005260d00000,0x0000005260e00000) (1024K)]
  0x000001f3282ef510 JavaThread "Unconstrained build operations Thread 40"        [_thread_blocked, id=67608, stack(0x0000005260e00000,0x0000005260f00000) (1024K)]
  0x000001f3282efba0 JavaThread "Unconstrained build operations Thread 41"        [_thread_blocked, id=24540, stack(0x0000005260f00000,0x0000005261000000) (1024K)]
  0x000001f3282eee80 JavaThread "Unconstrained build operations Thread 42"        [_thread_blocked, id=14000, stack(0x0000005261000000,0x0000005261100000) (1024K)]
  0x000001f3287fc650 JavaThread "WorkerExecutor Queue Thread 9"        [_thread_blocked, id=46296, stack(0x0000005261100000,0x0000005261200000) (1024K)]
  0x000001f32a873e30 JavaThread "Unconstrained build operations Thread 43"        [_thread_blocked, id=41612, stack(0x0000005261200000,0x0000005261300000) (1024K)]
  0x000001f32a874b50 JavaThread "Unconstrained build operations Thread 44"        [_thread_blocked, id=57016, stack(0x0000005261300000,0x0000005261400000) (1024K)]
  0x000001f32a875870 JavaThread "Unconstrained build operations Thread 45"        [_thread_blocked, id=57340, stack(0x0000005261400000,0x0000005261500000) (1024K)]
  0x000001f32a873110 JavaThread "Unconstrained build operations Thread 46"        [_thread_blocked, id=39848, stack(0x0000005261500000,0x0000005261600000) (1024K)]
  0x000001f32a8751e0 JavaThread "Unconstrained build operations Thread 47"        [_thread_blocked, id=61580, stack(0x0000005261600000,0x0000005261700000) (1024K)]
  0x000001f32a3804e0 JavaThread "Unconstrained build operations Thread 48"        [_thread_blocked, id=62452, stack(0x0000005261700000,0x0000005261800000) (1024K)]
  0x000001f32a3825b0 JavaThread "Unconstrained build operations Thread 49"        [_thread_blocked, id=60744, stack(0x0000005261800000,0x0000005261900000) (1024K)]
  0x000001f32f25a890 JavaThread "Unconstrained build operations Thread 50"        [_thread_blocked, id=47544, stack(0x0000005261900000,0x0000005261a00000) (1024K)]
  0x000001f32f257aa0 JavaThread "Unconstrained build operations Thread 51"        [_thread_blocked, id=20572, stack(0x0000005261a00000,0x0000005261b00000) (1024K)]
  0x000001f32f2587c0 JavaThread "Unconstrained build operations Thread 52"        [_thread_blocked, id=49528, stack(0x0000005261b00000,0x0000005261c00000) (1024K)]
  0x000001f32f25af20 JavaThread "Unconstrained build operations Thread 53"        [_thread_blocked, id=54056, stack(0x0000005261c00000,0x0000005261d00000) (1024K)]
  0x000001f32f258130 JavaThread "Unconstrained build operations Thread 54"        [_thread_blocked, id=25976, stack(0x0000005261d00000,0x0000005261e00000) (1024K)]
  0x000001f32f25a200 JavaThread "Unconstrained build operations Thread 55"        [_thread_blocked, id=19296, stack(0x0000005261e00000,0x0000005261f00000) (1024K)]
  0x000001f32f258e50 JavaThread "Unconstrained build operations Thread 56"        [_thread_blocked, id=49072, stack(0x0000005261f00000,0x0000005262000000) (1024K)]
  0x000001f32f793400 JavaThread "Unconstrained build operations Thread 57"        [_thread_blocked, id=3740, stack(0x0000005262000000,0x0000005262100000) (1024K)]
  0x000001f32f7947b0 JavaThread "Unconstrained build operations Thread 58"        [_thread_blocked, id=62300, stack(0x0000005262100000,0x0000005262200000) (1024K)]
  0x000001f32f794e40 JavaThread "Unconstrained build operations Thread 59"        [_thread_blocked, id=21928, stack(0x0000005262200000,0x0000005262300000) (1024K)]
  0x000001f32f7954d0 JavaThread "Unconstrained build operations Thread 60"        [_thread_blocked, id=26696, stack(0x0000005262300000,0x0000005262400000) (1024K)]
  0x000001f32f792d70 JavaThread "Unconstrained build operations Thread 61"        [_thread_blocked, id=68744, stack(0x0000005262400000,0x0000005262500000) (1024K)]
  0x000001f3282f0230 JavaThread "Unconstrained build operations Thread 62"        [_thread_blocked, id=17132, stack(0x0000005262500000,0x0000005262600000) (1024K)]
  0x000001f32a726810 JavaThread "Unconstrained build operations Thread 63"        [_thread_blocked, id=40944, stack(0x0000005262600000,0x0000005262700000) (1024K)]
  0x000001f32580cfd0 JavaThread "Unconstrained build operations Thread 64"        [_thread_blocked, id=30812, stack(0x0000005262700000,0x0000005262800000) (1024K)]
  0x000001f325807a80 JavaThread "Unconstrained build operations Thread 65"        [_thread_blocked, id=14816, stack(0x0000005262800000,0x0000005262900000) (1024K)]
  0x000001f32580d660 JavaThread "Unconstrained build operations Thread 66"        [_thread_blocked, id=19040, stack(0x0000005262900000,0x0000005262a00000) (1024K)]
  0x000001f32580a870 JavaThread "Unconstrained build operations Thread 67"        [_thread_blocked, id=13080, stack(0x0000005262a00000,0x0000005262b00000) (1024K)]
  0x000001f325808110 JavaThread "Unconstrained build operations Thread 68"        [_thread_blocked, id=46244, stack(0x0000005262b00000,0x0000005262c00000) (1024K)]
  0x000001f3258087a0 JavaThread "Unconstrained build operations Thread 69"        [_thread_blocked, id=6016, stack(0x0000005262c00000,0x0000005262d00000) (1024K)]
  0x000001f325808e30 JavaThread "Unconstrained build operations Thread 70"        [_thread_blocked, id=64132, stack(0x0000005262d00000,0x0000005262e00000) (1024K)]
  0x000001f32f793a90 JavaThread "Unconstrained build operations Thread 71"        [_thread_blocked, id=13368, stack(0x0000005262e00000,0x0000005262f00000) (1024K)]
  0x000001f32f794120 JavaThread "Unconstrained build operations Thread 72"        [_thread_blocked, id=67708, stack(0x0000005262f00000,0x0000005263000000) (1024K)]
  0x000001f32f795b60 JavaThread "Unconstrained build operations Thread 73"        [_thread_blocked, id=12532, stack(0x0000005263000000,0x0000005263100000) (1024K)]
  0x000001f32f7926e0 JavaThread "Unconstrained build operations Thread 74"        [_thread_blocked, id=61704, stack(0x0000005263100000,0x0000005263200000) (1024K)]
  0x000001f32a727bc0 JavaThread "Unconstrained build operations Thread 75"        [_thread_blocked, id=19128, stack(0x0000005263200000,0x0000005263300000) (1024K)]
  0x000001f32a727530 JavaThread "Unconstrained build operations Thread 76"        [_thread_blocked, id=48416, stack(0x0000005263300000,0x0000005263400000) (1024K)]
  0x000001f329573840 JavaThread "Unconstrained build operations Thread 77"        [_thread_blocked, id=53940, stack(0x0000005263400000,0x0000005263500000) (1024K)]
  0x000001f32a381200 JavaThread "Unconstrained build operations Thread 78"        [_thread_blocked, id=53436, stack(0x0000005263500000,0x0000005263600000) (1024K)]
  0x000001f32a37fe50 JavaThread "Unconstrained build operations Thread 79"        [_thread_blocked, id=48132, stack(0x0000005263600000,0x0000005263700000) (1024K)]
  0x000001f32a37f7c0 JavaThread "Unconstrained build operations Thread 80"        [_thread_blocked, id=15784, stack(0x0000005263700000,0x0000005263800000) (1024K)]
  0x000001f32a381890 JavaThread "WorkerExecutor Queue Thread 10"        [_thread_blocked, id=26296, stack(0x0000005260200000,0x0000005260300000) (1024K)]
  0x000001f3258094c0 JavaThread "pool-10-thread-1"                  [_thread_blocked, id=67836, stack(0x0000005263800000,0x0000005263900000) (1024K)]
  0x000001f329da1e80 JavaThread "stderr"                            [_thread_in_native, id=14040, stack(0x0000005263900000,0x0000005263a00000) (1024K)]
  0x000001f329da2510 JavaThread "stdout"                            [_thread_in_native, id=28300, stack(0x0000005263a00000,0x0000005263b00000) (1024K)]
  0x000001f329571770 JavaThread "stderr"                            [_thread_in_native, id=69168, stack(0x0000005263b00000,0x0000005263c00000) (1024K)]
  0x000001f3295710e0 JavaThread "stdout"                            [_thread_in_native, id=10008, stack(0x0000005263c00000,0x0000005263d00000) (1024K)]
  0x000001f3282ee160 JavaThread "RMI Scheduler(0)"           daemon [_thread_blocked, id=67524, stack(0x0000005260000000,0x0000005260100000) (1024K)]
  0x000001f32fba6da0 JavaThread "RMI GC Daemon"              daemon [_thread_blocked, id=7940, stack(0x0000005263e00000,0x0000005263f00000) (1024K)]
  0x000001f3255ae160 JavaThread "RMI TCP Accept-0"           daemon [_thread_in_native, id=23104, stack(0x0000005263f00000,0x0000005264000000) (1024K)]
  0x000001f3255a9930 JavaThread "RMI Reaper"                        [_thread_blocked, id=14080, stack(0x0000005264000000,0x0000005264100000) (1024K)]
  0x000001f3287fa580 JavaThread "RMI TCP Connection(3)-127.0.0.1" daemon [_thread_in_native, id=58676, stack(0x0000005264100000,0x0000005264200000) (1024K)]
  0x000001f32a380b70 JavaThread "Cache worker for Java compile cache (C:\Users\DELL\.gradle\caches\8.9\javaCompile)"        [_thread_blocked, id=66756, stack(0x0000005263d00000,0x0000005263e00000) (1024K)]
  0x000001f32fba5360 JavaThread "Build operations"                  [_thread_blocked, id=62924, stack(0x0000005264200000,0x0000005264300000) (1024K)]
  0x000001f32fba7430 JavaThread "Build operations Thread 2"         [_thread_blocked, id=28272, stack(0x0000005264300000,0x0000005264400000) (1024K)]
  0x000001f3282ee7f0 JavaThread "Build operations Thread 3"         [_thread_blocked, id=66724, stack(0x0000005264400000,0x0000005264500000) (1024K)]
  0x000001f32fd4bab0 JavaThread "Build operations Thread 4"         [_thread_blocked, id=45884, stack(0x0000005264500000,0x0000005264600000) (1024K)]
  0x000001f32fd4a700 JavaThread "Build operations Thread 5"         [_thread_blocked, id=63104, stack(0x0000005264600000,0x0000005264700000) (1024K)]
  0x000001f32fd4b420 JavaThread "Build operations Thread 6"         [_thread_blocked, id=27448, stack(0x0000005264700000,0x0000005264800000) (1024K)]
  0x000001f32fd4a070 JavaThread "Build operations Thread 7"         [_thread_blocked, id=26232, stack(0x0000005264800000,0x0000005264900000) (1024K)]
  0x000001f3287f9ef0 JavaThread "WorkerExecutor Queue Thread 12"        [_thread_blocked, id=4728, stack(0x0000005264900000,0x0000005264a00000) (1024K)]
  0x000001f33768d860 JavaThread "RMI RenewClean-[127.0.0.1:17007,org.jetbrains.kotlin.daemon.common.LoopbackNetworkInterface$ClientLoopbackSocketFactory@751978eb]" daemon [_thread_blocked, id=40664, stack(0x000000525ff00000,0x0000005260000000) (1024K)]
  0x000001f329da1160 JavaThread "RMI RenewClean-[127.0.0.1:17007,org.jetbrains.kotlin.daemon.common.LoopbackNetworkInterface$ClientLoopbackSocketFactory@5c9edba3]" daemon [_thread_blocked, id=51676, stack(0x0000005264b00000,0x0000005264c00000) (1024K)]
  0x000001f33768a3e0 JavaThread "RMI TCP Connection(4)-127.0.0.1" daemon [_thread_in_native, id=20612, stack(0x0000005264c00000,0x0000005264d00000) (1024K)]
  0x000001f339469b60 JavaThread "ForkJoinPool.commonPool-worker-1" daemon [_thread_blocked, id=16896, stack(0x0000005264d00000,0x0000005264e00000) (1024K)]
  0x000001f33768aa70 JavaThread "ForkJoinPool.commonPool-worker-2" daemon [_thread_blocked, id=63636, stack(0x0000005264e00000,0x0000005264f00000) (1024K)]
  0x000001f32a381f20 JavaThread "ForkJoinPool.commonPool-worker-3" daemon [_thread_blocked, id=66084, stack(0x0000005264f00000,0x0000005265000000) (1024K)]
=>0x000001f32a382c40 JavaThread "ForkJoinPool.commonPool-worker-4" daemon [_thread_in_vm, id=21684, stack(0x0000005265000000,0x0000005265100000) (1024K)]
  0x000001f33768b100 JavaThread "ForkJoinPool.commonPool-worker-5" daemon [_thread_blocked, id=13008, stack(0x0000005265100000,0x0000005265200000) (1024K)]
  0x000001f33768be20 JavaThread "ForkJoinPool.commonPool-worker-6" daemon [_thread_blocked, id=42540, stack(0x0000005265200000,0x0000005265300000) (1024K)]
  0x000001f3255a8c10 JavaThread "ForkJoinPool.commonPool-worker-7" daemon [_thread_blocked, id=51552, stack(0x0000005265300000,0x0000005265400000) (1024K)]
  0x000001f329bfe790 JavaThread "RMI TCP Connection(5)-127.0.0.1" daemon [_thread_in_native, id=11104, stack(0x0000005264a00000,0x0000005264b00000) (1024K)]
Total: 172

Other Threads:
  0x000001f31efa9600 VMThread "VM Thread"                           [id=9196, stack(0x000000525a200000,0x000000525a300000) (1024K)]
  0x000001f31ef46c90 WatcherThread "VM Periodic Task Thread"        [id=38288, stack(0x000000525a100000,0x000000525a200000) (1024K)]
  0x000001f3079254b0 WorkerThread "GC Thread#0"                     [id=42712, stack(0x0000005259c00000,0x0000005259d00000) (1024K)]
  0x000001f31fcd2a60 WorkerThread "GC Thread#1"                     [id=68640, stack(0x000000525ae00000,0x000000525af00000) (1024K)]
  0x000001f31f92eda0 WorkerThread "GC Thread#2"                     [id=18184, stack(0x000000525af00000,0x000000525b000000) (1024K)]
  0x000001f324507690 WorkerThread "GC Thread#3"                     [id=42208, stack(0x000000525b000000,0x000000525b100000) (1024K)]
  0x000001f324482e60 WorkerThread "GC Thread#4"                     [id=44180, stack(0x000000525b100000,0x000000525b200000) (1024K)]
  0x000001f324614eb0 WorkerThread "GC Thread#5"                     [id=36072, stack(0x000000525bb00000,0x000000525bc00000) (1024K)]
  0x000001f324615660 WorkerThread "GC Thread#6"                     [id=7780, stack(0x000000525bc00000,0x000000525bd00000) (1024K)]
  0x000001f3246099e0 WorkerThread "GC Thread#7"                     [id=55172, stack(0x000000525bd00000,0x000000525be00000) (1024K)]
  0x000001f3079363a0 ConcurrentGCThread "G1 Main Marker"            [id=60364, stack(0x0000005259d00000,0x0000005259e00000) (1024K)]
  0x000001f307936db0 WorkerThread "G1 Conc#0"                       [id=55948, stack(0x0000005259e00000,0x0000005259f00000) (1024K)]
  0x000001f3250a0430 WorkerThread "G1 Conc#1"                       [id=22204, stack(0x000000525be00000,0x000000525bf00000) (1024K)]
  0x000001f30799e140 ConcurrentGCThread "G1 Refine#0"               [id=26384, stack(0x0000005259f00000,0x000000525a000000) (1024K)]
  0x000001f30799ebc0 ConcurrentGCThread "G1 Service"                [id=66520, stack(0x000000525a000000,0x000000525a100000) (1024K)]
Total: 15

Threads with active compile tasks:
Total: 0

VM state: not at safepoint (normal execution)

VM Mutex/Monitor currently owned by a thread:  ([mutex/lock_event])
[0x00007ffcf85921c8] Heap_lock - owner thread: 0x000001f32a382c40

Heap address: 0x0000000080000000, size: 2048 MB, Compressed Oops mode: 32-bit

CDS archive(s) not mapped
Compressed class space mapped at: 0x0000000100000000-0x0000000140000000, reserved size: 1073741824
Narrow klass base: 0x0000000000000000, Narrow klass shift: 3, Narrow klass range: 0x140000000

GC Precious Log:
 CardTable entry size: 512
 Card Set container configuration: InlinePtr #cards 5 size 8 Array Of Cards #cards 12 size 40 Howl #buckets 4 coarsen threshold 1843 Howl Bitmap #cards 512 size 80 coarsen threshold 460 Card regions per heap region 1 cards per card region 2048
 CPUs: 8 total, 8 available
 Memory: 7967M
 Large Page Support: Disabled
 NUMA Support: Disabled
 Compressed Oops: Enabled (32-bit)
 Heap Region Size: 1M
 Heap Min Capacity: 8M
 Heap Initial Capacity: 126M
 Heap Max Capacity: 2G
 Pre-touch: Disabled
 Parallel Workers: 8
 Concurrent Workers: 2
 Concurrent Refinement Workers: 8
 Periodic GC: Disabled

Heap:
 garbage-first heap   total 944128K, used 928440K [0x0000000080000000, 0x0000000100000000)
  region size 1024K, 230 young (235520K), 16 survivors (16384K)
 Metaspace       used 181632K, committed 184064K, reserved 1245184K
  class space    used 23237K, committed 24576K, reserved 1048576K

Heap Regions: E=young(eden), S=young(survivor), O=old, HS=humongous(starts), HC=humongous(continues), CS=collection set, F=free, TAMS=top-at-mark-start, PB=parsable bottom
|   0|0x0000000080000000, 0x0000000080100000, 0x0000000080100000|100%|HS|  |TAMS 0x0000000080000000| PB 0x0000000080000000| Complete 
|   1|0x0000000080100000, 0x0000000080200000, 0x0000000080200000|100%|HC|  |TAMS 0x0000000080100000| PB 0x0000000080100000| Complete 
|   2|0x0000000080200000, 0x0000000080300000, 0x0000000080300000|100%|HC|  |TAMS 0x0000000080200000| PB 0x0000000080200000| Complete 
|   3|0x0000000080300000, 0x0000000080400000, 0x0000000080400000|100%|HC|  |TAMS 0x0000000080300000| PB 0x0000000080300000| Complete 
|   4|0x0000000080400000, 0x0000000080500000, 0x0000000080500000|100%| O|  |TAMS 0x0000000080400000| PB 0x0000000080400000| Untracked 
|   5|0x0000000080500000, 0x0000000080600000, 0x0000000080600000|100%| O|  |TAMS 0x0000000080500000| PB 0x0000000080500000| Untracked 
|   6|0x0000000080600000, 0x0000000080700000, 0x0000000080700000|100%| O|  |TAMS 0x0000000080600000| PB 0x0000000080600000| Untracked 
|   7|0x0000000080700000, 0x0000000080800000, 0x0000000080800000|100%| O|  |TAMS 0x0000000080700000| PB 0x0000000080700000| Untracked 
|   8|0x0000000080800000, 0x0000000080900000, 0x0000000080900000|100%| O|  |TAMS 0x0000000080800000| PB 0x0000000080800000| Untracked 
|   9|0x0000000080900000, 0x0000000080a00000, 0x0000000080a00000|100%| O|  |TAMS 0x0000000080900000| PB 0x0000000080900000| Untracked 
|  10|0x0000000080a00000, 0x0000000080b00000, 0x0000000080b00000|100%| O|  |TAMS 0x0000000080a00000| PB 0x0000000080a00000| Untracked 
|  11|0x0000000080b00000, 0x0000000080c00000, 0x0000000080c00000|100%|HS|  |TAMS 0x0000000080b00000| PB 0x0000000080b00000| Complete 
|  12|0x0000000080c00000, 0x0000000080d00000, 0x0000000080d00000|100%| O|  |TAMS 0x0000000080c00000| PB 0x0000000080c00000| Untracked 
|  13|0x0000000080d00000, 0x0000000080e00000, 0x0000000080e00000|100%| O|  |TAMS 0x0000000080d00000| PB 0x0000000080d00000| Untracked 
|  14|0x0000000080e00000, 0x0000000080f00000, 0x0000000080f00000|100%| O|  |TAMS 0x0000000080e00000| PB 0x0000000080e00000| Untracked 
|  15|0x0000000080f00000, 0x0000000081000000, 0x0000000081000000|100%| O|  |TAMS 0x0000000080f00000| PB 0x0000000080f00000| Untracked 
|  16|0x0000000081000000, 0x0000000081100000, 0x0000000081100000|100%| O|  |TAMS 0x0000000081000000| PB 0x0000000081000000| Untracked 
|  17|0x0000000081100000, 0x0000000081200000, 0x0000000081200000|100%| O|  |TAMS 0x0000000081100000| PB 0x0000000081100000| Untracked 
|  18|0x0000000081200000, 0x0000000081300000, 0x0000000081300000|100%| O|  |TAMS 0x0000000081200000| PB 0x0000000081200000| Untracked 
|  19|0x0000000081300000, 0x0000000081400000, 0x0000000081400000|100%| O|  |TAMS 0x0000000081300000| PB 0x0000000081300000| Untracked 
|  20|0x0000000081400000, 0x0000000081500000, 0x0000000081500000|100%| O|  |TAMS 0x0000000081400000| PB 0x0000000081400000| Untracked 
|  21|0x0000000081500000, 0x0000000081600000, 0x0000000081600000|100%| O|  |TAMS 0x0000000081500000| PB 0x0000000081500000| Untracked 
|  22|0x0000000081600000, 0x0000000081700000, 0x0000000081700000|100%| O|  |TAMS 0x0000000081600000| PB 0x0000000081600000| Untracked 
|  23|0x0000000081700000, 0x0000000081800000, 0x0000000081800000|100%| O|  |TAMS 0x0000000081700000| PB 0x0000000081700000| Untracked 
|  24|0x0000000081800000, 0x0000000081900000, 0x0000000081900000|100%| O|  |TAMS 0x0000000081800000| PB 0x0000000081800000| Untracked 
|  25|0x0000000081900000, 0x0000000081a00000, 0x0000000081a00000|100%| O|  |TAMS 0x0000000081900000| PB 0x0000000081900000| Untracked 
|  26|0x0000000081a00000, 0x0000000081b00000, 0x0000000081b00000|100%| O|  |TAMS 0x0000000081a00000| PB 0x0000000081a00000| Untracked 
|  27|0x0000000081b00000, 0x0000000081c00000, 0x0000000081c00000|100%| O|  |TAMS 0x0000000081b00000| PB 0x0000000081b00000| Untracked 
|  28|0x0000000081c00000, 0x0000000081d00000, 0x0000000081d00000|100%| O|  |TAMS 0x0000000081c00000| PB 0x0000000081c00000| Untracked 
|  29|0x0000000081d00000, 0x0000000081e00000, 0x0000000081e00000|100%| O|  |TAMS 0x0000000081d00000| PB 0x0000000081d00000| Untracked 
|  30|0x0000000081e00000, 0x0000000081f00000, 0x0000000081f00000|100%| O|  |TAMS 0x0000000081e00000| PB 0x0000000081e00000| Untracked 
|  31|0x0000000081f00000, 0x0000000082000000, 0x0000000082000000|100%| O|  |TAMS 0x0000000081f00000| PB 0x0000000081f00000| Untracked 
|  32|0x0000000082000000, 0x0000000082100000, 0x0000000082100000|100%| O|  |TAMS 0x0000000082000000| PB 0x0000000082000000| Untracked 
|  33|0x0000000082100000, 0x0000000082200000, 0x0000000082200000|100%| O|  |TAMS 0x0000000082100000| PB 0x0000000082100000| Untracked 
|  34|0x0000000082200000, 0x0000000082300000, 0x0000000082300000|100%|HS|  |TAMS 0x0000000082200000| PB 0x0000000082200000| Complete 
|  35|0x0000000082300000, 0x0000000082400000, 0x0000000082400000|100%|HS|  |TAMS 0x0000000082300000| PB 0x0000000082300000| Complete 
|  36|0x0000000082400000, 0x0000000082500000, 0x0000000082500000|100%|HC|  |TAMS 0x0000000082400000| PB 0x0000000082400000| Complete 
|  37|0x0000000082500000, 0x0000000082600000, 0x0000000082600000|100%|HS|  |TAMS 0x0000000082500000| PB 0x0000000082500000| Complete 
|  38|0x0000000082600000, 0x0000000082700000, 0x0000000082700000|100%|HS|  |TAMS 0x0000000082600000| PB 0x0000000082600000| Complete 
|  39|0x0000000082700000, 0x0000000082800000, 0x0000000082800000|100%| O|  |TAMS 0x0000000082700000| PB 0x0000000082700000| Untracked 
|  40|0x0000000082800000, 0x0000000082900000, 0x0000000082900000|100%| O|  |TAMS 0x0000000082800000| PB 0x0000000082800000| Untracked 
|  41|0x0000000082900000, 0x0000000082a00000, 0x0000000082a00000|100%| O|  |TAMS 0x0000000082900000| PB 0x0000000082900000| Untracked 
|  42|0x0000000082a00000, 0x0000000082b00000, 0x0000000082b00000|100%|HS|  |TAMS 0x0000000082a00000| PB 0x0000000082a00000| Complete 
|  43|0x0000000082b00000, 0x0000000082c00000, 0x0000000082c00000|100%|HC|  |TAMS 0x0000000082b00000| PB 0x0000000082b00000| Complete 
|  44|0x0000000082c00000, 0x0000000082d00000, 0x0000000082d00000|100%|HC|  |TAMS 0x0000000082c00000| PB 0x0000000082c00000| Complete 
|  45|0x0000000082d00000, 0x0000000082e00000, 0x0000000082e00000|100%|HC|  |TAMS 0x0000000082d00000| PB 0x0000000082d00000| Complete 
|  46|0x0000000082e00000, 0x0000000082f00000, 0x0000000082f00000|100%|HS|  |TAMS 0x0000000082e00000| PB 0x0000000082e00000| Complete 
|  47|0x0000000082f00000, 0x0000000083000000, 0x0000000083000000|100%| O|  |TAMS 0x0000000082f00000| PB 0x0000000082f00000| Untracked 
|  48|0x0000000083000000, 0x0000000083100000, 0x0000000083100000|100%| O|  |TAMS 0x0000000083000000| PB 0x0000000083000000| Untracked 
|  49|0x0000000083100000, 0x0000000083200000, 0x0000000083200000|100%| O|  |TAMS 0x0000000083100000| PB 0x0000000083100000| Untracked 
|  50|0x0000000083200000, 0x0000000083300000, 0x0000000083300000|100%| O|  |TAMS 0x0000000083200000| PB 0x0000000083200000| Untracked 
|  51|0x0000000083300000, 0x0000000083400000, 0x0000000083400000|100%| O|  |TAMS 0x0000000083300000| PB 0x0000000083300000| Untracked 
|  52|0x0000000083400000, 0x0000000083500000, 0x0000000083500000|100%| O|  |TAMS 0x0000000083400000| PB 0x0000000083400000| Untracked 
|  53|0x0000000083500000, 0x0000000083600000, 0x0000000083600000|100%|HS|  |TAMS 0x0000000083500000| PB 0x0000000083500000| Complete 
|  54|0x0000000083600000, 0x0000000083700000, 0x0000000083700000|100%|HC|  |TAMS 0x0000000083600000| PB 0x0000000083600000| Complete 
|  55|0x0000000083700000, 0x0000000083800000, 0x0000000083800000|100%|HS|  |TAMS 0x0000000083700000| PB 0x0000000083700000| Complete 
|  56|0x0000000083800000, 0x0000000083900000, 0x0000000083900000|100%|HS|  |TAMS 0x0000000083800000| PB 0x0000000083800000| Complete 
|  57|0x0000000083900000, 0x0000000083a00000, 0x0000000083a00000|100%| O|  |TAMS 0x0000000083900000| PB 0x0000000083900000| Untracked 
|  58|0x0000000083a00000, 0x0000000083b00000, 0x0000000083b00000|100%| O|  |TAMS 0x0000000083a00000| PB 0x0000000083a00000| Untracked 
|  59|0x0000000083b00000, 0x0000000083c00000, 0x0000000083c00000|100%| O|  |TAMS 0x0000000083b00000| PB 0x0000000083b00000| Untracked 
|  60|0x0000000083c00000, 0x0000000083d00000, 0x0000000083d00000|100%| O|  |TAMS 0x0000000083c00000| PB 0x0000000083c00000| Untracked 
|  61|0x0000000083d00000, 0x0000000083e00000, 0x0000000083e00000|100%| O|  |TAMS 0x0000000083d00000| PB 0x0000000083d00000| Untracked 
|  62|0x0000000083e00000, 0x0000000083f00000, 0x0000000083f00000|100%| O|  |TAMS 0x0000000083e00000| PB 0x0000000083e00000| Untracked 
|  63|0x0000000083f00000, 0x0000000084000000, 0x0000000084000000|100%|HS|  |TAMS 0x0000000083f00000| PB 0x0000000083f00000| Complete 
|  64|0x0000000084000000, 0x0000000084100000, 0x0000000084100000|100%| O|  |TAMS 0x0000000084000000| PB 0x0000000084000000| Untracked 
|  65|0x0000000084100000, 0x0000000084200000, 0x0000000084200000|100%| O|  |TAMS 0x0000000084100000| PB 0x0000000084100000| Untracked 
|  66|0x0000000084200000, 0x0000000084300000, 0x0000000084300000|100%| O|  |TAMS 0x0000000084200000| PB 0x0000000084200000| Untracked 
|  67|0x0000000084300000, 0x0000000084400000, 0x0000000084400000|100%| O|  |TAMS 0x0000000084300000| PB 0x0000000084300000| Untracked 
|  68|0x0000000084400000, 0x0000000084500000, 0x0000000084500000|100%| O|  |TAMS 0x0000000084400000| PB 0x0000000084400000| Untracked 
|  69|0x0000000084500000, 0x0000000084600000, 0x0000000084600000|100%| O|  |TAMS 0x0000000084500000| PB 0x0000000084500000| Untracked 
|  70|0x0000000084600000, 0x0000000084700000, 0x0000000084700000|100%|HS|  |TAMS 0x0000000084600000| PB 0x0000000084600000| Complete 
|  71|0x0000000084700000, 0x0000000084800000, 0x0000000084800000|100%|HC|  |TAMS 0x0000000084700000| PB 0x0000000084700000| Complete 
|  72|0x0000000084800000, 0x0000000084900000, 0x0000000084900000|100%|HC|  |TAMS 0x0000000084800000| PB 0x0000000084800000| Complete 
|  73|0x0000000084900000, 0x0000000084a00000, 0x0000000084a00000|100%|HC|  |TAMS 0x0000000084900000| PB 0x0000000084900000| Complete 
|  74|0x0000000084a00000, 0x0000000084b00000, 0x0000000084b00000|100%|HS|  |TAMS 0x0000000084a00000| PB 0x0000000084a00000| Complete 
|  75|0x0000000084b00000, 0x0000000084c00000, 0x0000000084c00000|100%| O|  |TAMS 0x0000000084b00000| PB 0x0000000084b00000| Untracked 
|  76|0x0000000084c00000, 0x0000000084d00000, 0x0000000084d00000|100%| O|  |TAMS 0x0000000084c00000| PB 0x0000000084c00000| Untracked 
|  77|0x0000000084d00000, 0x0000000084e00000, 0x0000000084e00000|100%| O|  |TAMS 0x0000000084d00000| PB 0x0000000084d00000| Untracked 
|  78|0x0000000084e00000, 0x0000000084f00000, 0x0000000084f00000|100%| O|  |TAMS 0x0000000084e00000| PB 0x0000000084e00000| Untracked 
|  79|0x0000000084f00000, 0x0000000085000000, 0x0000000085000000|100%| O|  |TAMS 0x0000000084f00000| PB 0x0000000084f00000| Untracked 
|  80|0x0000000085000000, 0x0000000085100000, 0x0000000085100000|100%| O|  |TAMS 0x0000000085000000| PB 0x0000000085000000| Untracked 
|  81|0x0000000085100000, 0x0000000085200000, 0x0000000085200000|100%| O|  |TAMS 0x0000000085100000| PB 0x0000000085100000| Untracked 
|  82|0x0000000085200000, 0x0000000085300000, 0x0000000085300000|100%| O|  |TAMS 0x0000000085200000| PB 0x0000000085200000| Untracked 
|  83|0x0000000085300000, 0x0000000085400000, 0x0000000085400000|100%| O|  |TAMS 0x0000000085300000| PB 0x0000000085300000| Untracked 
|  84|0x0000000085400000, 0x0000000085500000, 0x0000000085500000|100%| O|  |TAMS 0x0000000085400000| PB 0x0000000085400000| Untracked 
|  85|0x0000000085500000, 0x0000000085600000, 0x0000000085600000|100%| O|  |TAMS 0x0000000085500000| PB 0x0000000085500000| Untracked 
|  86|0x0000000085600000, 0x0000000085700000, 0x0000000085700000|100%| O|  |TAMS 0x0000000085600000| PB 0x0000000085600000| Untracked 
|  87|0x0000000085700000, 0x0000000085800000, 0x0000000085800000|100%| O|  |TAMS 0x0000000085700000| PB 0x0000000085700000| Untracked 
|  88|0x0000000085800000, 0x0000000085900000, 0x0000000085900000|100%| O|  |TAMS 0x0000000085800000| PB 0x0000000085800000| Untracked 
|  89|0x0000000085900000, 0x0000000085a00000, 0x0000000085a00000|100%| O|  |TAMS 0x0000000085900000| PB 0x0000000085900000| Untracked 
|  90|0x0000000085a00000, 0x0000000085b00000, 0x0000000085b00000|100%| O|  |TAMS 0x0000000085a00000| PB 0x0000000085a00000| Untracked 
|  91|0x0000000085b00000, 0x0000000085c00000, 0x0000000085c00000|100%| O|  |TAMS 0x0000000085b00000| PB 0x0000000085b00000| Untracked 
|  92|0x0000000085c00000, 0x0000000085d00000, 0x0000000085d00000|100%| O|  |TAMS 0x0000000085c00000| PB 0x0000000085c00000| Untracked 
|  93|0x0000000085d00000, 0x0000000085e00000, 0x0000000085e00000|100%| O|  |TAMS 0x0000000085d00000| PB 0x0000000085d00000| Untracked 
|  94|0x0000000085e00000, 0x0000000085f00000, 0x0000000085f00000|100%| O|  |TAMS 0x0000000085e00000| PB 0x0000000085e00000| Untracked 
|  95|0x0000000085f00000, 0x0000000086000000, 0x0000000086000000|100%| O|  |TAMS 0x0000000085f00000| PB 0x0000000085f00000| Untracked 
|  96|0x0000000086000000, 0x0000000086100000, 0x0000000086100000|100%| O|Cm|TAMS 0x0000000086000000| PB 0x0000000086000000| Complete 
|  97|0x0000000086100000, 0x0000000086200000, 0x0000000086200000|100%| O|  |TAMS 0x0000000086100000| PB 0x0000000086100000| Untracked 
|  98|0x0000000086200000, 0x0000000086300000, 0x0000000086300000|100%| O|  |TAMS 0x0000000086200000| PB 0x0000000086200000| Untracked 
|  99|0x0000000086300000, 0x0000000086400000, 0x0000000086400000|100%| O|  |TAMS 0x0000000086300000| PB 0x0000000086300000| Untracked 
| 100|0x0000000086400000, 0x0000000086500000, 0x0000000086500000|100%| O|  |TAMS 0x0000000086400000| PB 0x0000000086400000| Untracked 
| 101|0x0000000086500000, 0x0000000086600000, 0x0000000086600000|100%| O|  |TAMS 0x0000000086500000| PB 0x0000000086500000| Untracked 
| 102|0x0000000086600000, 0x0000000086700000, 0x0000000086700000|100%| O|  |TAMS 0x0000000086600000| PB 0x0000000086600000| Untracked 
| 103|0x0000000086700000, 0x0000000086800000, 0x0000000086800000|100%| O|  |TAMS 0x0000000086700000| PB 0x0000000086700000| Untracked 
| 104|0x0000000086800000, 0x0000000086900000, 0x0000000086900000|100%| O|  |TAMS 0x0000000086800000| PB 0x0000000086800000| Untracked 
| 105|0x0000000086900000, 0x0000000086a00000, 0x0000000086a00000|100%| O|  |TAMS 0x0000000086900000| PB 0x0000000086900000| Untracked 
| 106|0x0000000086a00000, 0x0000000086b00000, 0x0000000086b00000|100%| O|  |TAMS 0x0000000086a00000| PB 0x0000000086a00000| Untracked 
| 107|0x0000000086b00000, 0x0000000086c00000, 0x0000000086c00000|100%| O|  |TAMS 0x0000000086b00000| PB 0x0000000086b00000| Untracked 
| 108|0x0000000086c00000, 0x0000000086d00000, 0x0000000086d00000|100%| O|  |TAMS 0x0000000086c00000| PB 0x0000000086c00000| Untracked 
| 109|0x0000000086d00000, 0x0000000086e00000, 0x0000000086e00000|100%|HS|  |TAMS 0x0000000086d00000| PB 0x0000000086d00000| Complete 
| 110|0x0000000086e00000, 0x0000000086f00000, 0x0000000086f00000|100%| O|  |TAMS 0x0000000086e00000| PB 0x0000000086e00000| Untracked 
| 111|0x0000000086f00000, 0x0000000087000000, 0x0000000087000000|100%|HS|  |TAMS 0x0000000086f00000| PB 0x0000000086f00000| Complete 
| 112|0x0000000087000000, 0x0000000087100000, 0x0000000087100000|100%| O|  |TAMS 0x0000000087000000| PB 0x0000000087000000| Untracked 
| 113|0x0000000087100000, 0x0000000087200000, 0x0000000087200000|100%| O|  |TAMS 0x0000000087100000| PB 0x0000000087100000| Untracked 
| 114|0x0000000087200000, 0x0000000087300000, 0x0000000087300000|100%| O|  |TAMS 0x0000000087200000| PB 0x0000000087200000| Untracked 
| 115|0x0000000087300000, 0x0000000087400000, 0x0000000087400000|100%| O|  |TAMS 0x0000000087300000| PB 0x0000000087300000| Untracked 
| 116|0x0000000087400000, 0x0000000087500000, 0x0000000087500000|100%| O|  |TAMS 0x0000000087400000| PB 0x0000000087400000| Untracked 
| 117|0x0000000087500000, 0x0000000087600000, 0x0000000087600000|100%| O|  |TAMS 0x0000000087500000| PB 0x0000000087500000| Untracked 
| 118|0x0000000087600000, 0x0000000087700000, 0x0000000087700000|100%| O|  |TAMS 0x0000000087600000| PB 0x0000000087600000| Untracked 
| 119|0x0000000087700000, 0x0000000087800000, 0x0000000087800000|100%|HS|  |TAMS 0x0000000087700000| PB 0x0000000087700000| Complete 
| 120|0x0000000087800000, 0x0000000087900000, 0x0000000087900000|100%| O|  |TAMS 0x0000000087800000| PB 0x0000000087800000| Untracked 
| 121|0x0000000087900000, 0x0000000087a00000, 0x0000000087a00000|100%| O|  |TAMS 0x0000000087900000| PB 0x0000000087900000| Untracked 
| 122|0x0000000087a00000, 0x0000000087b00000, 0x0000000087b00000|100%| O|  |TAMS 0x0000000087a00000| PB 0x0000000087a00000| Untracked 
| 123|0x0000000087b00000, 0x0000000087c00000, 0x0000000087c00000|100%|HS|  |TAMS 0x0000000087b00000| PB 0x0000000087b00000| Complete 
| 124|0x0000000087c00000, 0x0000000087d00000, 0x0000000087d00000|100%|HC|  |TAMS 0x0000000087c00000| PB 0x0000000087c00000| Complete 
| 125|0x0000000087d00000, 0x0000000087e00000, 0x0000000087e00000|100%| O|  |TAMS 0x0000000087d00000| PB 0x0000000087d00000| Untracked 
| 126|0x0000000087e00000, 0x0000000087f00000, 0x0000000087f00000|100%| O|Cm|TAMS 0x0000000087e00000| PB 0x0000000087e00000| Complete 
| 127|0x0000000087f00000, 0x0000000088000000, 0x0000000088000000|100%| O|  |TAMS 0x0000000087f00000| PB 0x0000000087f00000| Untracked 
| 128|0x0000000088000000, 0x0000000088100000, 0x0000000088100000|100%|HS|  |TAMS 0x0000000088000000| PB 0x0000000088000000| Complete 
| 129|0x0000000088100000, 0x0000000088200000, 0x0000000088200000|100%| O|  |TAMS 0x0000000088100000| PB 0x0000000088100000| Untracked 
| 130|0x0000000088200000, 0x0000000088300000, 0x0000000088300000|100%| O|Cm|TAMS 0x0000000088200000| PB 0x0000000088200000| Complete 
| 131|0x0000000088300000, 0x0000000088400000, 0x0000000088400000|100%|HS|  |TAMS 0x0000000088300000| PB 0x0000000088300000| Complete 
| 132|0x0000000088400000, 0x0000000088500000, 0x0000000088500000|100%|HC|  |TAMS 0x0000000088400000| PB 0x0000000088400000| Complete 
| 133|0x0000000088500000, 0x0000000088600000, 0x0000000088600000|100%|HS|  |TAMS 0x0000000088500000| PB 0x0000000088500000| Complete 
| 134|0x0000000088600000, 0x0000000088700000, 0x0000000088700000|100%|HC|  |TAMS 0x0000000088600000| PB 0x0000000088600000| Complete 
| 135|0x0000000088700000, 0x0000000088800000, 0x0000000088800000|100%|HC|  |TAMS 0x0000000088700000| PB 0x0000000088700000| Complete 
| 136|0x0000000088800000, 0x0000000088900000, 0x0000000088900000|100%|HC|  |TAMS 0x0000000088800000| PB 0x0000000088800000| Complete 
| 137|0x0000000088900000, 0x0000000088a00000, 0x0000000088a00000|100%| O|  |TAMS 0x0000000088900000| PB 0x0000000088900000| Untracked 
| 138|0x0000000088a00000, 0x0000000088b00000, 0x0000000088b00000|100%| O|  |TAMS 0x0000000088a00000| PB 0x0000000088a00000| Untracked 
| 139|0x0000000088b00000, 0x0000000088c00000, 0x0000000088c00000|100%| O|  |TAMS 0x0000000088b00000| PB 0x0000000088b00000| Untracked 
| 140|0x0000000088c00000, 0x0000000088d00000, 0x0000000088d00000|100%| O|  |TAMS 0x0000000088c00000| PB 0x0000000088c00000| Untracked 
| 141|0x0000000088d00000, 0x0000000088e00000, 0x0000000088e00000|100%| O|  |TAMS 0x0000000088d00000| PB 0x0000000088d00000| Untracked 
| 142|0x0000000088e00000, 0x0000000088f00000, 0x0000000088f00000|100%| O|  |TAMS 0x0000000088e00000| PB 0x0000000088e00000| Untracked 
| 143|0x0000000088f00000, 0x0000000089000000, 0x0000000089000000|100%| O|  |TAMS 0x0000000088f00000| PB 0x0000000088f00000| Untracked 
| 144|0x0000000089000000, 0x0000000089100000, 0x0000000089100000|100%| O|  |TAMS 0x0000000089000000| PB 0x0000000089000000| Untracked 
| 145|0x0000000089100000, 0x0000000089200000, 0x0000000089200000|100%| O|  |TAMS 0x0000000089100000| PB 0x0000000089100000| Untracked 
| 146|0x0000000089200000, 0x0000000089300000, 0x0000000089300000|100%|HS|  |TAMS 0x0000000089200000| PB 0x0000000089200000| Complete 
| 147|0x0000000089300000, 0x0000000089400000, 0x0000000089400000|100%|HS|  |TAMS 0x0000000089300000| PB 0x0000000089300000| Complete 
| 148|0x0000000089400000, 0x0000000089500000, 0x0000000089500000|100%| O|Cm|TAMS 0x0000000089400000| PB 0x0000000089400000| Complete 
| 149|0x0000000089500000, 0x0000000089600000, 0x0000000089600000|100%|HS|  |TAMS 0x0000000089500000| PB 0x0000000089500000| Complete 
| 150|0x0000000089600000, 0x0000000089700000, 0x0000000089700000|100%|HC|  |TAMS 0x0000000089600000| PB 0x0000000089600000| Complete 
| 151|0x0000000089700000, 0x0000000089800000, 0x0000000089800000|100%|HC|  |TAMS 0x0000000089700000| PB 0x0000000089700000| Complete 
| 152|0x0000000089800000, 0x0000000089900000, 0x0000000089900000|100%| O|Cm|TAMS 0x0000000089800000| PB 0x0000000089800000| Complete 
| 153|0x0000000089900000, 0x0000000089a00000, 0x0000000089a00000|100%| O|Cm|TAMS 0x0000000089900000| PB 0x0000000089900000| Complete 
| 154|0x0000000089a00000, 0x0000000089b00000, 0x0000000089b00000|100%|HS|  |TAMS 0x0000000089a00000| PB 0x0000000089a00000| Complete 
| 155|0x0000000089b00000, 0x0000000089c00000, 0x0000000089c00000|100%|HS|  |TAMS 0x0000000089b00000| PB 0x0000000089b00000| Complete 
| 156|0x0000000089c00000, 0x0000000089d00000, 0x0000000089d00000|100%|HS|  |TAMS 0x0000000089c00000| PB 0x0000000089c00000| Complete 
| 157|0x0000000089d00000, 0x0000000089e00000, 0x0000000089e00000|100%| O|  |TAMS 0x0000000089d00000| PB 0x0000000089d00000| Untracked 
| 158|0x0000000089e00000, 0x0000000089f00000, 0x0000000089f00000|100%| O|Cm|TAMS 0x0000000089e00000| PB 0x0000000089e00000| Complete 
| 159|0x0000000089f00000, 0x000000008a000000, 0x000000008a000000|100%| O|Cm|TAMS 0x0000000089f00000| PB 0x0000000089f00000| Complete 
| 160|0x000000008a000000, 0x000000008a100000, 0x000000008a100000|100%| O|Cm|TAMS 0x000000008a000000| PB 0x000000008a000000| Complete 
| 161|0x000000008a100000, 0x000000008a200000, 0x000000008a200000|100%| O|  |TAMS 0x000000008a100000| PB 0x000000008a100000| Untracked 
| 162|0x000000008a200000, 0x000000008a300000, 0x000000008a300000|100%| O|Cm|TAMS 0x000000008a200000| PB 0x000000008a200000| Complete 
| 163|0x000000008a300000, 0x000000008a400000, 0x000000008a400000|100%| O|Cm|TAMS 0x000000008a300000| PB 0x000000008a300000| Complete 
| 164|0x000000008a400000, 0x000000008a500000, 0x000000008a500000|100%| O|Cm|TAMS 0x000000008a400000| PB 0x000000008a400000| Complete 
| 165|0x000000008a500000, 0x000000008a600000, 0x000000008a600000|100%|HS|  |TAMS 0x000000008a500000| PB 0x000000008a500000| Complete 
| 166|0x000000008a600000, 0x000000008a700000, 0x000000008a700000|100%|HC|  |TAMS 0x000000008a600000| PB 0x000000008a600000| Complete 
| 167|0x000000008a700000, 0x000000008a700000, 0x000000008a800000|  0%| F|  |TAMS 0x000000008a700000| PB 0x000000008a700000| Untracked 
| 168|0x000000008a800000, 0x000000008a900000, 0x000000008a900000|100%| O|  |TAMS 0x000000008a800000| PB 0x000000008a800000| Untracked 
| 169|0x000000008a900000, 0x000000008aa00000, 0x000000008aa00000|100%| O|  |TAMS 0x000000008a900000| PB 0x000000008a900000| Untracked 
| 170|0x000000008aa00000, 0x000000008aa00000, 0x000000008ab00000|  0%| F|  |TAMS 0x000000008aa00000| PB 0x000000008aa00000| Untracked 
| 171|0x000000008ab00000, 0x000000008ac00000, 0x000000008ac00000|100%| O|Cm|TAMS 0x000000008ab00000| PB 0x000000008ab00000| Complete 
| 172|0x000000008ac00000, 0x000000008ad00000, 0x000000008ad00000|100%| O|Cm|TAMS 0x000000008ac00000| PB 0x000000008ac00000| Complete 
| 173|0x000000008ad00000, 0x000000008ae00000, 0x000000008ae00000|100%| O|  |TAMS 0x000000008ad00000| PB 0x000000008ad00000| Untracked 
| 174|0x000000008ae00000, 0x000000008af00000, 0x000000008af00000|100%| O|Cm|TAMS 0x000000008ae00000| PB 0x000000008ae00000| Complete 
| 175|0x000000008af00000, 0x000000008b000000, 0x000000008b000000|100%| O|  |TAMS 0x000000008af00000| PB 0x000000008af00000| Untracked 
| 176|0x000000008b000000, 0x000000008b100000, 0x000000008b100000|100%| O|Cm|TAMS 0x000000008b000000| PB 0x000000008b000000| Complete 
| 177|0x000000008b100000, 0x000000008b200000, 0x000000008b200000|100%| O|  |TAMS 0x000000008b100000| PB 0x000000008b100000| Untracked 
| 178|0x000000008b200000, 0x000000008b300000, 0x000000008b300000|100%|HS|  |TAMS 0x000000008b200000| PB 0x000000008b200000| Complete 
| 179|0x000000008b300000, 0x000000008b400000, 0x000000008b400000|100%|HC|  |TAMS 0x000000008b300000| PB 0x000000008b300000| Complete 
| 180|0x000000008b400000, 0x000000008b500000, 0x000000008b500000|100%| O|Cm|TAMS 0x000000008b400000| PB 0x000000008b400000| Complete 
| 181|0x000000008b500000, 0x000000008b600000, 0x000000008b600000|100%| O|Cm|TAMS 0x000000008b500000| PB 0x000000008b500000| Complete 
| 182|0x000000008b600000, 0x000000008b700000, 0x000000008b700000|100%|HS|  |TAMS 0x000000008b600000| PB 0x000000008b600000| Complete 
| 183|0x000000008b700000, 0x000000008b800000, 0x000000008b800000|100%|HC|  |TAMS 0x000000008b700000| PB 0x000000008b700000| Complete 
| 184|0x000000008b800000, 0x000000008b900000, 0x000000008b900000|100%|HC|  |TAMS 0x000000008b800000| PB 0x000000008b800000| Complete 
| 185|0x000000008b900000, 0x000000008ba00000, 0x000000008ba00000|100%|HC|  |TAMS 0x000000008b900000| PB 0x000000008b900000| Complete 
| 186|0x000000008ba00000, 0x000000008bb00000, 0x000000008bb00000|100%|HC|  |TAMS 0x000000008ba00000| PB 0x000000008ba00000| Complete 
| 187|0x000000008bb00000, 0x000000008bc00000, 0x000000008bc00000|100%|HC|  |TAMS 0x000000008bb00000| PB 0x000000008bb00000| Complete 
| 188|0x000000008bc00000, 0x000000008bd00000, 0x000000008bd00000|100%| O|  |TAMS 0x000000008bc00000| PB 0x000000008bc00000| Untracked 
| 189|0x000000008bd00000, 0x000000008be00000, 0x000000008be00000|100%| O|  |TAMS 0x000000008bd00000| PB 0x000000008bd00000| Untracked 
| 190|0x000000008be00000, 0x000000008bf00000, 0x000000008bf00000|100%| O|  |TAMS 0x000000008be00000| PB 0x000000008be00000| Untracked 
| 191|0x000000008bf00000, 0x000000008c000000, 0x000000008c000000|100%|HS|  |TAMS 0x000000008bf00000| PB 0x000000008bf00000| Complete 
| 192|0x000000008c000000, 0x000000008c100000, 0x000000008c100000|100%|HC|  |TAMS 0x000000008c000000| PB 0x000000008c000000| Complete 
| 193|0x000000008c100000, 0x000000008c200000, 0x000000008c200000|100%|HC|  |TAMS 0x000000008c100000| PB 0x000000008c100000| Complete 
| 194|0x000000008c200000, 0x000000008c300000, 0x000000008c300000|100%|HC|  |TAMS 0x000000008c200000| PB 0x000000008c200000| Complete 
| 195|0x000000008c300000, 0x000000008c400000, 0x000000008c400000|100%|HC|  |TAMS 0x000000008c300000| PB 0x000000008c300000| Complete 
| 196|0x000000008c400000, 0x000000008c500000, 0x000000008c500000|100%|HC|  |TAMS 0x000000008c400000| PB 0x000000008c400000| Complete 
| 197|0x000000008c500000, 0x000000008c600000, 0x000000008c600000|100%|HC|  |TAMS 0x000000008c500000| PB 0x000000008c500000| Complete 
| 198|0x000000008c600000, 0x000000008c700000, 0x000000008c700000|100%|HC|  |TAMS 0x000000008c600000| PB 0x000000008c600000| Complete 
| 199|0x000000008c700000, 0x000000008c800000, 0x000000008c800000|100%|HC|  |TAMS 0x000000008c700000| PB 0x000000008c700000| Complete 
| 200|0x000000008c800000, 0x000000008c900000, 0x000000008c900000|100%|HC|  |TAMS 0x000000008c800000| PB 0x000000008c800000| Complete 
| 201|0x000000008c900000, 0x000000008ca00000, 0x000000008ca00000|100%|HS|  |TAMS 0x000000008c900000| PB 0x000000008c900000| Complete 
| 202|0x000000008ca00000, 0x000000008cb00000, 0x000000008cb00000|100%|HC|  |TAMS 0x000000008ca00000| PB 0x000000008ca00000| Complete 
| 203|0x000000008cb00000, 0x000000008cc00000, 0x000000008cc00000|100%| O|Cm|TAMS 0x000000008cb00000| PB 0x000000008cb00000| Complete 
| 204|0x000000008cc00000, 0x000000008cd00000, 0x000000008cd00000|100%| O|Cm|TAMS 0x000000008cc00000| PB 0x000000008cc00000| Complete 
| 205|0x000000008cd00000, 0x000000008ce00000, 0x000000008ce00000|100%| O|Cm|TAMS 0x000000008cd00000| PB 0x000000008cd00000| Complete 
| 206|0x000000008ce00000, 0x000000008cf00000, 0x000000008cf00000|100%| O|Cm|TAMS 0x000000008ce00000| PB 0x000000008ce00000| Complete 
| 207|0x000000008cf00000, 0x000000008d000000, 0x000000008d000000|100%| O|Cm|TAMS 0x000000008cf00000| PB 0x000000008cf00000| Complete 
| 208|0x000000008d000000, 0x000000008d100000, 0x000000008d100000|100%|HS|  |TAMS 0x000000008d000000| PB 0x000000008d000000| Complete 
| 209|0x000000008d100000, 0x000000008d200000, 0x000000008d200000|100%|HC|  |TAMS 0x000000008d100000| PB 0x000000008d100000| Complete 
| 210|0x000000008d200000, 0x000000008d200000, 0x000000008d300000|  0%| F|  |TAMS 0x000000008d200000| PB 0x000000008d200000| Untracked 
| 211|0x000000008d300000, 0x000000008d400000, 0x000000008d400000|100%| O|Cm|TAMS 0x000000008d300000| PB 0x000000008d300000| Complete 
| 212|0x000000008d400000, 0x000000008d500000, 0x000000008d500000|100%|HS|  |TAMS 0x000000008d400000| PB 0x000000008d400000| Complete 
| 213|0x000000008d500000, 0x000000008d600000, 0x000000008d600000|100%|HC|  |TAMS 0x000000008d500000| PB 0x000000008d500000| Complete 
| 214|0x000000008d600000, 0x000000008d600000, 0x000000008d700000|  0%| F|  |TAMS 0x000000008d600000| PB 0x000000008d600000| Untracked 
| 215|0x000000008d700000, 0x000000008d800000, 0x000000008d800000|100%| O|Cm|TAMS 0x000000008d700000| PB 0x000000008d700000| Complete 
| 216|0x000000008d800000, 0x000000008d900000, 0x000000008d900000|100%| O|Cm|TAMS 0x000000008d800000| PB 0x000000008d800000| Complete 
| 217|0x000000008d900000, 0x000000008da00000, 0x000000008da00000|100%| O|Cm|TAMS 0x000000008d900000| PB 0x000000008d900000| Complete 
| 218|0x000000008da00000, 0x000000008db00000, 0x000000008db00000|100%|HS|  |TAMS 0x000000008da00000| PB 0x000000008da00000| Complete 
| 219|0x000000008db00000, 0x000000008dc00000, 0x000000008dc00000|100%|HC|  |TAMS 0x000000008db00000| PB 0x000000008db00000| Complete 
| 220|0x000000008dc00000, 0x000000008dd00000, 0x000000008dd00000|100%| O|Cm|TAMS 0x000000008dc00000| PB 0x000000008dc00000| Complete 
| 221|0x000000008dd00000, 0x000000008de00000, 0x000000008de00000|100%| O|Cm|TAMS 0x000000008dd00000| PB 0x000000008dd00000| Complete 
| 222|0x000000008de00000, 0x000000008df00000, 0x000000008df00000|100%| O|Cm|TAMS 0x000000008de00000| PB 0x000000008de00000| Complete 
| 223|0x000000008df00000, 0x000000008e000000, 0x000000008e000000|100%|HS|  |TAMS 0x000000008df00000| PB 0x000000008df00000| Complete 
| 224|0x000000008e000000, 0x000000008e100000, 0x000000008e100000|100%|HC|  |TAMS 0x000000008e000000| PB 0x000000008e000000| Complete 
| 225|0x000000008e100000, 0x000000008e200000, 0x000000008e200000|100%| O|Cm|TAMS 0x000000008e100000| PB 0x000000008e100000| Complete 
| 226|0x000000008e200000, 0x000000008e300000, 0x000000008e300000|100%|HS|  |TAMS 0x000000008e200000| PB 0x000000008e200000| Complete 
| 227|0x000000008e300000, 0x000000008e400000, 0x000000008e400000|100%|HC|  |TAMS 0x000000008e300000| PB 0x000000008e300000| Complete 
| 228|0x000000008e400000, 0x000000008e500000, 0x000000008e500000|100%|HC|  |TAMS 0x000000008e400000| PB 0x000000008e400000| Complete 
| 229|0x000000008e500000, 0x000000008e600000, 0x000000008e600000|100%|HC|  |TAMS 0x000000008e500000| PB 0x000000008e500000| Complete 
| 230|0x000000008e600000, 0x000000008e700000, 0x000000008e700000|100%|HC|  |TAMS 0x000000008e600000| PB 0x000000008e600000| Complete 
| 231|0x000000008e700000, 0x000000008e700000, 0x000000008e800000|  0%| F|  |TAMS 0x000000008e700000| PB 0x000000008e700000| Untracked 
| 232|0x000000008e800000, 0x000000008e900000, 0x000000008e900000|100%| O|  |TAMS 0x000000008e800000| PB 0x000000008e800000| Untracked 
| 233|0x000000008e900000, 0x000000008ea00000, 0x000000008ea00000|100%|HS|  |TAMS 0x000000008e900000| PB 0x000000008e900000| Complete 
| 234|0x000000008ea00000, 0x000000008eb00000, 0x000000008eb00000|100%|HC|  |TAMS 0x000000008ea00000| PB 0x000000008ea00000| Complete 
| 235|0x000000008eb00000, 0x000000008ec00000, 0x000000008ec00000|100%|HC|  |TAMS 0x000000008eb00000| PB 0x000000008eb00000| Complete 
| 236|0x000000008ec00000, 0x000000008ed00000, 0x000000008ed00000|100%|HC|  |TAMS 0x000000008ec00000| PB 0x000000008ec00000| Complete 
| 237|0x000000008ed00000, 0x000000008ee00000, 0x000000008ee00000|100%|HC|  |TAMS 0x000000008ed00000| PB 0x000000008ed00000| Complete 
| 238|0x000000008ee00000, 0x000000008ef00000, 0x000000008ef00000|100%| O|Cm|TAMS 0x000000008ee00000| PB 0x000000008ee00000| Complete 
| 239|0x000000008ef00000, 0x000000008ef00000, 0x000000008f000000|  0%| F|  |TAMS 0x000000008ef00000| PB 0x000000008ef00000| Untracked 
| 240|0x000000008f000000, 0x000000008f100000, 0x000000008f100000|100%| O|  |TAMS 0x000000008f000000| PB 0x000000008f000000| Untracked 
| 241|0x000000008f100000, 0x000000008f200000, 0x000000008f200000|100%| O|  |TAMS 0x000000008f100000| PB 0x000000008f100000| Untracked 
| 242|0x000000008f200000, 0x000000008f300000, 0x000000008f300000|100%| O|  |TAMS 0x000000008f200000| PB 0x000000008f200000| Untracked 
| 243|0x000000008f300000, 0x000000008f400000, 0x000000008f400000|100%| O|  |TAMS 0x000000008f300000| PB 0x000000008f300000| Untracked 
| 244|0x000000008f400000, 0x000000008f400000, 0x000000008f500000|  0%| F|  |TAMS 0x000000008f400000| PB 0x000000008f400000| Untracked 
| 245|0x000000008f500000, 0x000000008f600000, 0x000000008f600000|100%| O|  |TAMS 0x000000008f500000| PB 0x000000008f500000| Untracked 
| 246|0x000000008f600000, 0x000000008f700000, 0x000000008f700000|100%| O|Cm|TAMS 0x000000008f600000| PB 0x000000008f600000| Complete 
| 247|0x000000008f700000, 0x000000008f800000, 0x000000008f800000|100%| O|Cm|TAMS 0x000000008f700000| PB 0x000000008f700000| Complete 
| 248|0x000000008f800000, 0x000000008f900000, 0x000000008f900000|100%| O|Cm|TAMS 0x000000008f800000| PB 0x000000008f800000| Complete 
| 249|0x000000008f900000, 0x000000008fa00000, 0x000000008fa00000|100%|HS|  |TAMS 0x000000008f900000| PB 0x000000008f900000| Complete 
| 250|0x000000008fa00000, 0x000000008fb00000, 0x000000008fb00000|100%|HC|  |TAMS 0x000000008fa00000| PB 0x000000008fa00000| Complete 
| 251|0x000000008fb00000, 0x000000008fc00000, 0x000000008fc00000|100%|HS|  |TAMS 0x000000008fb00000| PB 0x000000008fb00000| Complete 
| 252|0x000000008fc00000, 0x000000008fd00000, 0x000000008fd00000|100%|HC|  |TAMS 0x000000008fc00000| PB 0x000000008fc00000| Complete 
| 253|0x000000008fd00000, 0x000000008fe00000, 0x000000008fe00000|100%| O|Cm|TAMS 0x000000008fd00000| PB 0x000000008fd00000| Complete 
| 254|0x000000008fe00000, 0x000000008ff00000, 0x000000008ff00000|100%|HS|  |TAMS 0x000000008fe00000| PB 0x000000008fe00000| Complete 
| 255|0x000000008ff00000, 0x0000000090000000, 0x0000000090000000|100%|HC|  |TAMS 0x000000008ff00000| PB 0x000000008ff00000| Complete 
| 256|0x0000000090000000, 0x0000000090100000, 0x0000000090100000|100%| O|Cm|TAMS 0x0000000090000000| PB 0x0000000090000000| Complete 
| 257|0x0000000090100000, 0x0000000090200000, 0x0000000090200000|100%|HS|  |TAMS 0x0000000090100000| PB 0x0000000090100000| Complete 
| 258|0x0000000090200000, 0x0000000090300000, 0x0000000090300000|100%|HC|  |TAMS 0x0000000090200000| PB 0x0000000090200000| Complete 
| 259|0x0000000090300000, 0x0000000090400000, 0x0000000090400000|100%| O|Cm|TAMS 0x0000000090300000| PB 0x0000000090300000| Complete 
| 260|0x0000000090400000, 0x0000000090500000, 0x0000000090500000|100%|HS|  |TAMS 0x0000000090400000| PB 0x0000000090400000| Complete 
| 261|0x0000000090500000, 0x0000000090600000, 0x0000000090600000|100%|HC|  |TAMS 0x0000000090500000| PB 0x0000000090500000| Complete 
| 262|0x0000000090600000, 0x0000000090700000, 0x0000000090700000|100%|HS|  |TAMS 0x0000000090600000| PB 0x0000000090600000| Complete 
| 263|0x0000000090700000, 0x0000000090800000, 0x0000000090800000|100%|HC|  |TAMS 0x0000000090700000| PB 0x0000000090700000| Complete 
| 264|0x0000000090800000, 0x0000000090900000, 0x0000000090900000|100%| O|Cm|TAMS 0x0000000090800000| PB 0x0000000090800000| Complete 
| 265|0x0000000090900000, 0x0000000090a00000, 0x0000000090a00000|100%|HS|  |TAMS 0x0000000090900000| PB 0x0000000090900000| Complete 
| 266|0x0000000090a00000, 0x0000000090b00000, 0x0000000090b00000|100%|HC|  |TAMS 0x0000000090a00000| PB 0x0000000090a00000| Complete 
| 267|0x0000000090b00000, 0x0000000090c00000, 0x0000000090c00000|100%|HC|  |TAMS 0x0000000090b00000| PB 0x0000000090b00000| Complete 
| 268|0x0000000090c00000, 0x0000000090d00000, 0x0000000090d00000|100%|HC|  |TAMS 0x0000000090c00000| PB 0x0000000090c00000| Complete 
| 269|0x0000000090d00000, 0x0000000090e00000, 0x0000000090e00000|100%|HC|  |TAMS 0x0000000090d00000| PB 0x0000000090d00000| Complete 
| 270|0x0000000090e00000, 0x0000000090f00000, 0x0000000090f00000|100%|HC|  |TAMS 0x0000000090e00000| PB 0x0000000090e00000| Complete 
| 271|0x0000000090f00000, 0x0000000091000000, 0x0000000091000000|100%| O|  |TAMS 0x0000000090f00000| PB 0x0000000090f00000| Untracked 
| 272|0x0000000091000000, 0x0000000091100000, 0x0000000091100000|100%| O|  |TAMS 0x0000000091000000| PB 0x0000000091000000| Untracked 
| 273|0x0000000091100000, 0x0000000091200000, 0x0000000091200000|100%| O|  |TAMS 0x0000000091100000| PB 0x0000000091100000| Untracked 
| 274|0x0000000091200000, 0x0000000091300000, 0x0000000091300000|100%| O|Cm|TAMS 0x0000000091200000| PB 0x0000000091200000| Complete 
| 275|0x0000000091300000, 0x0000000091400000, 0x0000000091400000|100%| O|Cm|TAMS 0x0000000091300000| PB 0x0000000091300000| Complete 
| 276|0x0000000091400000, 0x0000000091500000, 0x0000000091500000|100%| O|Cm|TAMS 0x0000000091400000| PB 0x0000000091400000| Complete 
| 277|0x0000000091500000, 0x0000000091600000, 0x0000000091600000|100%| O|Cm|TAMS 0x0000000091500000| PB 0x0000000091500000| Complete 
| 278|0x0000000091600000, 0x0000000091700000, 0x0000000091700000|100%| O|Cm|TAMS 0x0000000091600000| PB 0x0000000091600000| Complete 
| 279|0x0000000091700000, 0x0000000091800000, 0x0000000091800000|100%| O|Cm|TAMS 0x0000000091700000| PB 0x0000000091700000| Complete 
| 280|0x0000000091800000, 0x0000000091900000, 0x0000000091900000|100%| O|Cm|TAMS 0x0000000091800000| PB 0x0000000091800000| Complete 
| 281|0x0000000091900000, 0x0000000091a00000, 0x0000000091a00000|100%| O|Cm|TAMS 0x0000000091900000| PB 0x0000000091900000| Complete 
| 282|0x0000000091a00000, 0x0000000091b00000, 0x0000000091b00000|100%| O|Cm|TAMS 0x0000000091a00000| PB 0x0000000091a00000| Complete 
| 283|0x0000000091b00000, 0x0000000091c00000, 0x0000000091c00000|100%| O|Cm|TAMS 0x0000000091b00000| PB 0x0000000091b00000| Complete 
| 284|0x0000000091c00000, 0x0000000091d00000, 0x0000000091d00000|100%| O|Cm|TAMS 0x0000000091c00000| PB 0x0000000091c00000| Complete 
| 285|0x0000000091d00000, 0x0000000091e00000, 0x0000000091e00000|100%| O|  |TAMS 0x0000000091d00000| PB 0x0000000091d00000| Untracked 
| 286|0x0000000091e00000, 0x0000000091f00000, 0x0000000091f00000|100%| O|  |TAMS 0x0000000091e00000| PB 0x0000000091e00000| Untracked 
| 287|0x0000000091f00000, 0x0000000092000000, 0x0000000092000000|100%| O|Cm|TAMS 0x0000000091f00000| PB 0x0000000091f00000| Complete 
| 288|0x0000000092000000, 0x0000000092000000, 0x0000000092100000|  0%| F|  |TAMS 0x0000000092000000| PB 0x0000000092000000| Untracked 
| 289|0x0000000092100000, 0x0000000092200000, 0x0000000092200000|100%| O|Cm|TAMS 0x0000000092100000| PB 0x0000000092100000| Complete 
| 290|0x0000000092200000, 0x0000000092300000, 0x0000000092300000|100%| O|Cm|TAMS 0x0000000092200000| PB 0x0000000092200000| Complete 
| 291|0x0000000092300000, 0x0000000092400000, 0x0000000092400000|100%| O|Cm|TAMS 0x0000000092300000| PB 0x0000000092300000| Complete 
| 292|0x0000000092400000, 0x0000000092500000, 0x0000000092500000|100%| O|Cm|TAMS 0x0000000092400000| PB 0x0000000092400000| Complete 
| 293|0x0000000092500000, 0x0000000092600000, 0x0000000092600000|100%| O|Cm|TAMS 0x0000000092500000| PB 0x0000000092500000| Complete 
| 294|0x0000000092600000, 0x0000000092700000, 0x0000000092700000|100%| O|Cm|TAMS 0x0000000092600000| PB 0x0000000092600000| Complete 
| 295|0x0000000092700000, 0x0000000092800000, 0x0000000092800000|100%| O|Cm|TAMS 0x0000000092700000| PB 0x0000000092700000| Complete 
| 296|0x0000000092800000, 0x0000000092900000, 0x0000000092900000|100%| O|Cm|TAMS 0x0000000092800000| PB 0x0000000092800000| Complete 
| 297|0x0000000092900000, 0x0000000092a00000, 0x0000000092a00000|100%| O|  |TAMS 0x0000000092900000| PB 0x0000000092900000| Untracked 
| 298|0x0000000092a00000, 0x0000000092b00000, 0x0000000092b00000|100%|HS|  |TAMS 0x0000000092a00000| PB 0x0000000092a00000| Complete 
| 299|0x0000000092b00000, 0x0000000092c00000, 0x0000000092c00000|100%|HC|  |TAMS 0x0000000092b00000| PB 0x0000000092b00000| Complete 
| 300|0x0000000092c00000, 0x0000000092d00000, 0x0000000092d00000|100%| O|Cm|TAMS 0x0000000092c00000| PB 0x0000000092c00000| Complete 
| 301|0x0000000092d00000, 0x0000000092d00000, 0x0000000092e00000|  0%| F|  |TAMS 0x0000000092d00000| PB 0x0000000092d00000| Untracked 
| 302|0x0000000092e00000, 0x0000000092f00000, 0x0000000092f00000|100%| O|Cm|TAMS 0x0000000092e00000| PB 0x0000000092e00000| Complete 
| 303|0x0000000092f00000, 0x0000000093000000, 0x0000000093000000|100%|HS|  |TAMS 0x0000000092f00000| PB 0x0000000092f00000| Complete 
| 304|0x0000000093000000, 0x0000000093100000, 0x0000000093100000|100%|HC|  |TAMS 0x0000000093000000| PB 0x0000000093000000| Complete 
| 305|0x0000000093100000, 0x0000000093200000, 0x0000000093200000|100%|HS|  |TAMS 0x0000000093100000| PB 0x0000000093100000| Complete 
| 306|0x0000000093200000, 0x0000000093300000, 0x0000000093300000|100%|HC|  |TAMS 0x0000000093200000| PB 0x0000000093200000| Complete 
| 307|0x0000000093300000, 0x0000000093400000, 0x0000000093400000|100%|HS|  |TAMS 0x0000000093300000| PB 0x0000000093300000| Complete 
| 308|0x0000000093400000, 0x0000000093500000, 0x0000000093500000|100%|HC|  |TAMS 0x0000000093400000| PB 0x0000000093400000| Complete 
| 309|0x0000000093500000, 0x0000000093600000, 0x0000000093600000|100%|HS|  |TAMS 0x0000000093500000| PB 0x0000000093500000| Complete 
| 310|0x0000000093600000, 0x0000000093700000, 0x0000000093700000|100%|HC|  |TAMS 0x0000000093600000| PB 0x0000000093600000| Complete 
| 311|0x0000000093700000, 0x0000000093800000, 0x0000000093800000|100%| O|  |TAMS 0x0000000093700000| PB 0x0000000093700000| Untracked 
| 312|0x0000000093800000, 0x0000000093900000, 0x0000000093900000|100%|HS|  |TAMS 0x0000000093800000| PB 0x0000000093800000| Complete 
| 313|0x0000000093900000, 0x0000000093a00000, 0x0000000093a00000|100%|HC|  |TAMS 0x0000000093900000| PB 0x0000000093900000| Complete 
| 314|0x0000000093a00000, 0x0000000093b00000, 0x0000000093b00000|100%| O|  |TAMS 0x0000000093a00000| PB 0x0000000093a00000| Untracked 
| 315|0x0000000093b00000, 0x0000000093c00000, 0x0000000093c00000|100%| O|  |TAMS 0x0000000093b00000| PB 0x0000000093b00000| Untracked 
| 316|0x0000000093c00000, 0x0000000093d00000, 0x0000000093d00000|100%| O|  |TAMS 0x0000000093c00000| PB 0x0000000093c00000| Untracked 
| 317|0x0000000093d00000, 0x0000000093e00000, 0x0000000093e00000|100%| O|  |TAMS 0x0000000093d00000| PB 0x0000000093d00000| Untracked 
| 318|0x0000000093e00000, 0x0000000093f00000, 0x0000000093f00000|100%| O|Cm|TAMS 0x0000000093e00000| PB 0x0000000093e00000| Complete 
| 319|0x0000000093f00000, 0x0000000093f00000, 0x0000000094000000|  0%| F|  |TAMS 0x0000000093f00000| PB 0x0000000093f00000| Untracked 
| 320|0x0000000094000000, 0x0000000094100000, 0x0000000094100000|100%| O|Cm|TAMS 0x0000000094000000| PB 0x0000000094000000| Complete 
| 321|0x0000000094100000, 0x0000000094200000, 0x0000000094200000|100%| O|  |TAMS 0x0000000094100000| PB 0x0000000094100000| Untracked 
| 322|0x0000000094200000, 0x0000000094300000, 0x0000000094300000|100%| O|  |TAMS 0x0000000094200000| PB 0x0000000094200000| Untracked 
| 323|0x0000000094300000, 0x0000000094400000, 0x0000000094400000|100%| O|  |TAMS 0x0000000094300000| PB 0x0000000094300000| Untracked 
| 324|0x0000000094400000, 0x0000000094400000, 0x0000000094500000|  0%| F|  |TAMS 0x0000000094400000| PB 0x0000000094400000| Untracked 
| 325|0x0000000094500000, 0x0000000094600000, 0x0000000094600000|100%| O|  |TAMS 0x0000000094500000| PB 0x0000000094500000| Untracked 
| 326|0x0000000094600000, 0x0000000094700000, 0x0000000094700000|100%| O|  |TAMS 0x0000000094600000| PB 0x0000000094600000| Untracked 
| 327|0x0000000094700000, 0x0000000094800000, 0x0000000094800000|100%| O|  |TAMS 0x0000000094700000| PB 0x0000000094700000| Untracked 
| 328|0x0000000094800000, 0x0000000094900000, 0x0000000094900000|100%| O|Cm|TAMS 0x0000000094800000| PB 0x0000000094800000| Complete 
| 329|0x0000000094900000, 0x0000000094900000, 0x0000000094a00000|  0%| F|  |TAMS 0x0000000094900000| PB 0x0000000094900000| Untracked 
| 330|0x0000000094a00000, 0x0000000094b00000, 0x0000000094b00000|100%| O|Cm|TAMS 0x0000000094a00000| PB 0x0000000094a00000| Complete 
| 331|0x0000000094b00000, 0x0000000094c00000, 0x0000000094c00000|100%| O|Cm|TAMS 0x0000000094b00000| PB 0x0000000094b00000| Complete 
| 332|0x0000000094c00000, 0x0000000094d00000, 0x0000000094d00000|100%| O|  |TAMS 0x0000000094c00000| PB 0x0000000094c00000| Untracked 
| 333|0x0000000094d00000, 0x0000000094e00000, 0x0000000094e00000|100%| O|  |TAMS 0x0000000094d00000| PB 0x0000000094d00000| Untracked 
| 334|0x0000000094e00000, 0x0000000094f00000, 0x0000000094f00000|100%| O|  |TAMS 0x0000000094e00000| PB 0x0000000094e00000| Untracked 
| 335|0x0000000094f00000, 0x0000000095000000, 0x0000000095000000|100%| O|  |TAMS 0x0000000094f00000| PB 0x0000000094f00000| Untracked 
| 336|0x0000000095000000, 0x0000000095100000, 0x0000000095100000|100%| O|  |TAMS 0x0000000095000000| PB 0x0000000095000000| Untracked 
| 337|0x0000000095100000, 0x0000000095100000, 0x0000000095200000|  0%| F|  |TAMS 0x0000000095100000| PB 0x0000000095100000| Untracked 
| 338|0x0000000095200000, 0x0000000095300000, 0x0000000095300000|100%| O|  |TAMS 0x0000000095200000| PB 0x0000000095200000| Untracked 
| 339|0x0000000095300000, 0x0000000095400000, 0x0000000095400000|100%| O|  |TAMS 0x0000000095300000| PB 0x0000000095300000| Untracked 
| 340|0x0000000095400000, 0x0000000095500000, 0x0000000095500000|100%| O|  |TAMS 0x0000000095400000| PB 0x0000000095400000| Untracked 
| 341|0x0000000095500000, 0x0000000095600000, 0x0000000095600000|100%| O|  |TAMS 0x0000000095500000| PB 0x0000000095500000| Untracked 
| 342|0x0000000095600000, 0x0000000095700000, 0x0000000095700000|100%| O|  |TAMS 0x0000000095600000| PB 0x0000000095600000| Untracked 
| 343|0x0000000095700000, 0x0000000095800000, 0x0000000095800000|100%| O|  |TAMS 0x0000000095700000| PB 0x0000000095700000| Untracked 
| 344|0x0000000095800000, 0x0000000095900000, 0x0000000095900000|100%| O|  |TAMS 0x0000000095800000| PB 0x0000000095800000| Untracked 
| 345|0x0000000095900000, 0x0000000095a00000, 0x0000000095a00000|100%| O|  |TAMS 0x0000000095900000| PB 0x0000000095900000| Untracked 
| 346|0x0000000095a00000, 0x0000000095b00000, 0x0000000095b00000|100%| O|  |TAMS 0x0000000095a00000| PB 0x0000000095a00000| Untracked 
| 347|0x0000000095b00000, 0x0000000095c00000, 0x0000000095c00000|100%| O|  |TAMS 0x0000000095b00000| PB 0x0000000095b00000| Untracked 
| 348|0x0000000095c00000, 0x0000000095d00000, 0x0000000095d00000|100%| O|  |TAMS 0x0000000095c00000| PB 0x0000000095c00000| Untracked 
| 349|0x0000000095d00000, 0x0000000095df9c38, 0x0000000095e00000| 97%| O|  |TAMS 0x0000000095d00000| PB 0x0000000095d00000| Untracked 
| 350|0x0000000095e00000, 0x0000000095f00000, 0x0000000095f00000|100%| O|Cm|TAMS 0x0000000095e00000| PB 0x0000000095e00000| Complete 
| 351|0x0000000095f00000, 0x0000000096000000, 0x0000000096000000|100%| O|Cm|TAMS 0x0000000095f00000| PB 0x0000000095f00000| Complete 
| 352|0x0000000096000000, 0x0000000096100000, 0x0000000096100000|100%| O|Cm|TAMS 0x0000000096000000| PB 0x0000000096000000| Complete 
| 353|0x0000000096100000, 0x0000000096200000, 0x0000000096200000|100%| O|Cm|TAMS 0x0000000096100000| PB 0x0000000096100000| Complete 
| 354|0x0000000096200000, 0x0000000096300000, 0x0000000096300000|100%| O|Cm|TAMS 0x0000000096200000| PB 0x0000000096200000| Complete 
| 355|0x0000000096300000, 0x0000000096400000, 0x0000000096400000|100%|HS|  |TAMS 0x0000000096300000| PB 0x0000000096300000| Complete 
| 356|0x0000000096400000, 0x0000000096500000, 0x0000000096500000|100%|HC|  |TAMS 0x0000000096400000| PB 0x0000000096400000| Complete 
| 357|0x0000000096500000, 0x0000000096600000, 0x0000000096600000|100%| O|Cm|TAMS 0x0000000096500000| PB 0x0000000096500000| Complete 
| 358|0x0000000096600000, 0x0000000096700000, 0x0000000096700000|100%| O|Cm|TAMS 0x0000000096600000| PB 0x0000000096600000| Complete 
| 359|0x0000000096700000, 0x0000000096800000, 0x0000000096800000|100%| O|Cm|TAMS 0x0000000096700000| PB 0x0000000096700000| Complete 
| 360|0x0000000096800000, 0x0000000096900000, 0x0000000096900000|100%| O|Cm|TAMS 0x0000000096800000| PB 0x0000000096800000| Complete 
| 361|0x0000000096900000, 0x0000000096a00000, 0x0000000096a00000|100%|HS|  |TAMS 0x0000000096900000| PB 0x0000000096900000| Complete 
| 362|0x0000000096a00000, 0x0000000096b00000, 0x0000000096b00000|100%|HC|  |TAMS 0x0000000096a00000| PB 0x0000000096a00000| Complete 
| 363|0x0000000096b00000, 0x0000000096c00000, 0x0000000096c00000|100%|HC|  |TAMS 0x0000000096b00000| PB 0x0000000096b00000| Complete 
| 364|0x0000000096c00000, 0x0000000096d00000, 0x0000000096d00000|100%|HC|  |TAMS 0x0000000096c00000| PB 0x0000000096c00000| Complete 
| 365|0x0000000096d00000, 0x0000000096e00000, 0x0000000096e00000|100%|HC|  |TAMS 0x0000000096d00000| PB 0x0000000096d00000| Complete 
| 366|0x0000000096e00000, 0x0000000096f00000, 0x0000000096f00000|100%|HC|  |TAMS 0x0000000096e00000| PB 0x0000000096e00000| Complete 
| 367|0x0000000096f00000, 0x0000000097000000, 0x0000000097000000|100%|HC|  |TAMS 0x0000000096f00000| PB 0x0000000096f00000| Complete 
| 368|0x0000000097000000, 0x0000000097100000, 0x0000000097100000|100%|HC|  |TAMS 0x0000000097000000| PB 0x0000000097000000| Complete 
| 369|0x0000000097100000, 0x0000000097200000, 0x0000000097200000|100%|HC|  |TAMS 0x0000000097100000| PB 0x0000000097100000| Complete 
| 370|0x0000000097200000, 0x0000000097300000, 0x0000000097300000|100%|HC|  |TAMS 0x0000000097200000| PB 0x0000000097200000| Complete 
| 371|0x0000000097300000, 0x0000000097400000, 0x0000000097400000|100%|HS|  |TAMS 0x0000000097300000| PB 0x0000000097300000| Complete 
| 372|0x0000000097400000, 0x0000000097500000, 0x0000000097500000|100%|HC|  |TAMS 0x0000000097400000| PB 0x0000000097400000| Complete 
| 373|0x0000000097500000, 0x0000000097600000, 0x0000000097600000|100%|HC|  |TAMS 0x0000000097500000| PB 0x0000000097500000| Complete 
| 374|0x0000000097600000, 0x0000000097700000, 0x0000000097700000|100%|HC|  |TAMS 0x0000000097600000| PB 0x0000000097600000| Complete 
| 375|0x0000000097700000, 0x0000000097800000, 0x0000000097800000|100%|HC|  |TAMS 0x0000000097700000| PB 0x0000000097700000| Complete 
| 376|0x0000000097800000, 0x0000000097900000, 0x0000000097900000|100%|HC|  |TAMS 0x0000000097800000| PB 0x0000000097800000| Complete 
| 377|0x0000000097900000, 0x0000000097a00000, 0x0000000097a00000|100%|HC|  |TAMS 0x0000000097900000| PB 0x0000000097900000| Complete 
| 378|0x0000000097a00000, 0x0000000097b00000, 0x0000000097b00000|100%|HC|  |TAMS 0x0000000097a00000| PB 0x0000000097a00000| Complete 
| 379|0x0000000097b00000, 0x0000000097c00000, 0x0000000097c00000|100%|HC|  |TAMS 0x0000000097b00000| PB 0x0000000097b00000| Complete 
| 380|0x0000000097c00000, 0x0000000097d00000, 0x0000000097d00000|100%|HC|  |TAMS 0x0000000097c00000| PB 0x0000000097c00000| Complete 
| 381|0x0000000097d00000, 0x0000000097e00000, 0x0000000097e00000|100%|HC|  |TAMS 0x0000000097d00000| PB 0x0000000097d00000| Complete 
| 382|0x0000000097e00000, 0x0000000097f00000, 0x0000000097f00000|100%|HC|  |TAMS 0x0000000097e00000| PB 0x0000000097e00000| Complete 
| 383|0x0000000097f00000, 0x0000000098000000, 0x0000000098000000|100%|HC|  |TAMS 0x0000000097f00000| PB 0x0000000097f00000| Complete 
| 384|0x0000000098000000, 0x0000000098100000, 0x0000000098100000|100%|HC|  |TAMS 0x0000000098000000| PB 0x0000000098000000| Complete 
| 385|0x0000000098100000, 0x0000000098200000, 0x0000000098200000|100%|HC|  |TAMS 0x0000000098100000| PB 0x0000000098100000| Complete 
| 386|0x0000000098200000, 0x0000000098300000, 0x0000000098300000|100%|HS|  |TAMS 0x0000000098200000| PB 0x0000000098200000| Complete 
| 387|0x0000000098300000, 0x0000000098400000, 0x0000000098400000|100%|HC|  |TAMS 0x0000000098300000| PB 0x0000000098300000| Complete 
| 388|0x0000000098400000, 0x0000000098500000, 0x0000000098500000|100%|HC|  |TAMS 0x0000000098400000| PB 0x0000000098400000| Complete 
| 389|0x0000000098500000, 0x0000000098600000, 0x0000000098600000|100%|HC|  |TAMS 0x0000000098500000| PB 0x0000000098500000| Complete 
| 390|0x0000000098600000, 0x0000000098700000, 0x0000000098700000|100%|HC|  |TAMS 0x0000000098600000| PB 0x0000000098600000| Complete 
| 391|0x0000000098700000, 0x0000000098800000, 0x0000000098800000|100%|HC|  |TAMS 0x0000000098700000| PB 0x0000000098700000| Complete 
| 392|0x0000000098800000, 0x0000000098900000, 0x0000000098900000|100%|HC|  |TAMS 0x0000000098800000| PB 0x0000000098800000| Complete 
| 393|0x0000000098900000, 0x0000000098a00000, 0x0000000098a00000|100%|HC|  |TAMS 0x0000000098900000| PB 0x0000000098900000| Complete 
| 394|0x0000000098a00000, 0x0000000098b00000, 0x0000000098b00000|100%|HC|  |TAMS 0x0000000098a00000| PB 0x0000000098a00000| Complete 
| 395|0x0000000098b00000, 0x0000000098c00000, 0x0000000098c00000|100%|HC|  |TAMS 0x0000000098b00000| PB 0x0000000098b00000| Complete 
| 396|0x0000000098c00000, 0x0000000098d00000, 0x0000000098d00000|100%|HC|  |TAMS 0x0000000098c00000| PB 0x0000000098c00000| Complete 
| 397|0x0000000098d00000, 0x0000000098e00000, 0x0000000098e00000|100%|HC|  |TAMS 0x0000000098d00000| PB 0x0000000098d00000| Complete 
| 398|0x0000000098e00000, 0x0000000098f00000, 0x0000000098f00000|100%|HC|  |TAMS 0x0000000098e00000| PB 0x0000000098e00000| Complete 
| 399|0x0000000098f00000, 0x0000000099000000, 0x0000000099000000|100%|HC|  |TAMS 0x0000000098f00000| PB 0x0000000098f00000| Complete 
| 400|0x0000000099000000, 0x0000000099100000, 0x0000000099100000|100%|HC|  |TAMS 0x0000000099000000| PB 0x0000000099000000| Complete 
| 401|0x0000000099100000, 0x0000000099200000, 0x0000000099200000|100%|HS|  |TAMS 0x0000000099100000| PB 0x0000000099100000| Complete 
| 402|0x0000000099200000, 0x0000000099300000, 0x0000000099300000|100%|HC|  |TAMS 0x0000000099200000| PB 0x0000000099200000| Complete 
| 403|0x0000000099300000, 0x0000000099400000, 0x0000000099400000|100%|HC|  |TAMS 0x0000000099300000| PB 0x0000000099300000| Complete 
| 404|0x0000000099400000, 0x0000000099500000, 0x0000000099500000|100%|HC|  |TAMS 0x0000000099400000| PB 0x0000000099400000| Complete 
| 405|0x0000000099500000, 0x0000000099600000, 0x0000000099600000|100%|HC|  |TAMS 0x0000000099500000| PB 0x0000000099500000| Complete 
| 406|0x0000000099600000, 0x0000000099700000, 0x0000000099700000|100%|HC|  |TAMS 0x0000000099600000| PB 0x0000000099600000| Complete 
| 407|0x0000000099700000, 0x0000000099800000, 0x0000000099800000|100%|HC|  |TAMS 0x0000000099700000| PB 0x0000000099700000| Complete 
| 408|0x0000000099800000, 0x0000000099900000, 0x0000000099900000|100%|HC|  |TAMS 0x0000000099800000| PB 0x0000000099800000| Complete 
| 409|0x0000000099900000, 0x0000000099a00000, 0x0000000099a00000|100%|HC|  |TAMS 0x0000000099900000| PB 0x0000000099900000| Complete 
| 410|0x0000000099a00000, 0x0000000099b00000, 0x0000000099b00000|100%|HC|  |TAMS 0x0000000099a00000| PB 0x0000000099a00000| Complete 
| 411|0x0000000099b00000, 0x0000000099c00000, 0x0000000099c00000|100%|HC|  |TAMS 0x0000000099b00000| PB 0x0000000099b00000| Complete 
| 412|0x0000000099c00000, 0x0000000099d00000, 0x0000000099d00000|100%|HC|  |TAMS 0x0000000099c00000| PB 0x0000000099c00000| Complete 
| 413|0x0000000099d00000, 0x0000000099e00000, 0x0000000099e00000|100%|HC|  |TAMS 0x0000000099d00000| PB 0x0000000099d00000| Complete 
| 414|0x0000000099e00000, 0x0000000099f00000, 0x0000000099f00000|100%|HC|  |TAMS 0x0000000099e00000| PB 0x0000000099e00000| Complete 
| 415|0x0000000099f00000, 0x000000009a000000, 0x000000009a000000|100%|HC|  |TAMS 0x0000000099f00000| PB 0x0000000099f00000| Complete 
| 416|0x000000009a000000, 0x000000009a100000, 0x000000009a100000|100%|HC|  |TAMS 0x000000009a000000| PB 0x000000009a000000| Complete 
| 417|0x000000009a100000, 0x000000009a200000, 0x000000009a200000|100%|HS|  |TAMS 0x000000009a100000| PB 0x000000009a100000| Complete 
| 418|0x000000009a200000, 0x000000009a300000, 0x000000009a300000|100%|HC|  |TAMS 0x000000009a200000| PB 0x000000009a200000| Complete 
| 419|0x000000009a300000, 0x000000009a400000, 0x000000009a400000|100%|HC|  |TAMS 0x000000009a300000| PB 0x000000009a300000| Complete 
| 420|0x000000009a400000, 0x000000009a500000, 0x000000009a500000|100%|HC|  |TAMS 0x000000009a400000| PB 0x000000009a400000| Complete 
| 421|0x000000009a500000, 0x000000009a600000, 0x000000009a600000|100%|HC|  |TAMS 0x000000009a500000| PB 0x000000009a500000| Complete 
| 422|0x000000009a600000, 0x000000009a700000, 0x000000009a700000|100%|HC|  |TAMS 0x000000009a600000| PB 0x000000009a600000| Complete 
| 423|0x000000009a700000, 0x000000009a800000, 0x000000009a800000|100%|HC|  |TAMS 0x000000009a700000| PB 0x000000009a700000| Complete 
| 424|0x000000009a800000, 0x000000009a900000, 0x000000009a900000|100%|HC|  |TAMS 0x000000009a800000| PB 0x000000009a800000| Complete 
| 425|0x000000009a900000, 0x000000009aa00000, 0x000000009aa00000|100%|HC|  |TAMS 0x000000009a900000| PB 0x000000009a900000| Complete 
| 426|0x000000009aa00000, 0x000000009ab00000, 0x000000009ab00000|100%|HS|  |TAMS 0x000000009aa00000| PB 0x000000009aa00000| Complete 
| 427|0x000000009ab00000, 0x000000009ac00000, 0x000000009ac00000|100%|HC|  |TAMS 0x000000009ab00000| PB 0x000000009ab00000| Complete 
| 428|0x000000009ac00000, 0x000000009ad00000, 0x000000009ad00000|100%|HC|  |TAMS 0x000000009ac00000| PB 0x000000009ac00000| Complete 
| 429|0x000000009ad00000, 0x000000009ae00000, 0x000000009ae00000|100%|HC|  |TAMS 0x000000009ad00000| PB 0x000000009ad00000| Complete 
| 430|0x000000009ae00000, 0x000000009af00000, 0x000000009af00000|100%|HC|  |TAMS 0x000000009ae00000| PB 0x000000009ae00000| Complete 
| 431|0x000000009af00000, 0x000000009b000000, 0x000000009b000000|100%|HC|  |TAMS 0x000000009af00000| PB 0x000000009af00000| Complete 
| 432|0x000000009b000000, 0x000000009b100000, 0x000000009b100000|100%|HC|  |TAMS 0x000000009b000000| PB 0x000000009b000000| Complete 
| 433|0x000000009b100000, 0x000000009b200000, 0x000000009b200000|100%|HC|  |TAMS 0x000000009b100000| PB 0x000000009b100000| Complete 
| 434|0x000000009b200000, 0x000000009b300000, 0x000000009b300000|100%|HC|  |TAMS 0x000000009b200000| PB 0x000000009b200000| Complete 
| 435|0x000000009b300000, 0x000000009b400000, 0x000000009b400000|100%|HC|  |TAMS 0x000000009b300000| PB 0x000000009b300000| Complete 
| 436|0x000000009b400000, 0x000000009b500000, 0x000000009b500000|100%|HC|  |TAMS 0x000000009b400000| PB 0x000000009b400000| Complete 
| 437|0x000000009b500000, 0x000000009b600000, 0x000000009b600000|100%|HC|  |TAMS 0x000000009b500000| PB 0x000000009b500000| Complete 
| 438|0x000000009b600000, 0x000000009b700000, 0x000000009b700000|100%|HC|  |TAMS 0x000000009b600000| PB 0x000000009b600000| Complete 
| 439|0x000000009b700000, 0x000000009b800000, 0x000000009b800000|100%|HC|  |TAMS 0x000000009b700000| PB 0x000000009b700000| Complete 
| 440|0x000000009b800000, 0x000000009b900000, 0x000000009b900000|100%|HC|  |TAMS 0x000000009b800000| PB 0x000000009b800000| Complete 
| 441|0x000000009b900000, 0x000000009ba00000, 0x000000009ba00000|100%|HC|  |TAMS 0x000000009b900000| PB 0x000000009b900000| Complete 
| 442|0x000000009ba00000, 0x000000009bb00000, 0x000000009bb00000|100%|HC|  |TAMS 0x000000009ba00000| PB 0x000000009ba00000| Complete 
| 443|0x000000009bb00000, 0x000000009bc00000, 0x000000009bc00000|100%|HC|  |TAMS 0x000000009bb00000| PB 0x000000009bb00000| Complete 
| 444|0x000000009bc00000, 0x000000009bd00000, 0x000000009bd00000|100%|HC|  |TAMS 0x000000009bc00000| PB 0x000000009bc00000| Complete 
| 445|0x000000009bd00000, 0x000000009be00000, 0x000000009be00000|100%|HC|  |TAMS 0x000000009bd00000| PB 0x000000009bd00000| Complete 
| 446|0x000000009be00000, 0x000000009bf00000, 0x000000009bf00000|100%|HC|  |TAMS 0x000000009be00000| PB 0x000000009be00000| Complete 
| 447|0x000000009bf00000, 0x000000009c000000, 0x000000009c000000|100%|HS|  |TAMS 0x000000009bf00000| PB 0x000000009bf00000| Complete 
| 448|0x000000009c000000, 0x000000009c100000, 0x000000009c100000|100%|HC|  |TAMS 0x000000009c000000| PB 0x000000009c000000| Complete 
| 449|0x000000009c100000, 0x000000009c200000, 0x000000009c200000|100%|HS|  |TAMS 0x000000009c100000| PB 0x000000009c100000| Complete 
| 450|0x000000009c200000, 0x000000009c300000, 0x000000009c300000|100%|HC|  |TAMS 0x000000009c200000| PB 0x000000009c200000| Complete 
| 451|0x000000009c300000, 0x000000009c400000, 0x000000009c400000|100%|HS|  |TAMS 0x000000009c300000| PB 0x000000009c300000| Complete 
| 452|0x000000009c400000, 0x000000009c500000, 0x000000009c500000|100%|HC|  |TAMS 0x000000009c400000| PB 0x000000009c400000| Complete 
| 453|0x000000009c500000, 0x000000009c600000, 0x000000009c600000|100%|HS|  |TAMS 0x000000009c500000| PB 0x000000009c500000| Complete 
| 454|0x000000009c600000, 0x000000009c700000, 0x000000009c700000|100%|HC|  |TAMS 0x000000009c600000| PB 0x000000009c600000| Complete 
| 455|0x000000009c700000, 0x000000009c700000, 0x000000009c800000|  0%| F|  |TAMS 0x000000009c700000| PB 0x000000009c700000| Untracked 
| 456|0x000000009c800000, 0x000000009c8a5160, 0x000000009c900000| 64%| S|CS|TAMS 0x000000009c800000| PB 0x000000009c800000| Complete 
| 457|0x000000009c900000, 0x000000009ca00000, 0x000000009ca00000|100%| S|CS|TAMS 0x000000009c900000| PB 0x000000009c900000| Complete 
| 458|0x000000009ca00000, 0x000000009cb00000, 0x000000009cb00000|100%| S|CS|TAMS 0x000000009ca00000| PB 0x000000009ca00000| Complete 
| 459|0x000000009cb00000, 0x000000009cc00000, 0x000000009cc00000|100%| S|CS|TAMS 0x000000009cb00000| PB 0x000000009cb00000| Complete 
| 460|0x000000009cc00000, 0x000000009cd00000, 0x000000009cd00000|100%| S|CS|TAMS 0x000000009cc00000| PB 0x000000009cc00000| Complete 
| 461|0x000000009cd00000, 0x000000009ce00000, 0x000000009ce00000|100%| S|CS|TAMS 0x000000009cd00000| PB 0x000000009cd00000| Complete 
| 462|0x000000009ce00000, 0x000000009cf00000, 0x000000009cf00000|100%| S|CS|TAMS 0x000000009ce00000| PB 0x000000009ce00000| Complete 
| 463|0x000000009cf00000, 0x000000009d000000, 0x000000009d000000|100%| S|CS|TAMS 0x000000009cf00000| PB 0x000000009cf00000| Complete 
| 464|0x000000009d000000, 0x000000009d100000, 0x000000009d100000|100%| S|CS|TAMS 0x000000009d000000| PB 0x000000009d000000| Complete 
| 465|0x000000009d100000, 0x000000009d200000, 0x000000009d200000|100%| S|CS|TAMS 0x000000009d100000| PB 0x000000009d100000| Complete 
| 466|0x000000009d200000, 0x000000009d300000, 0x000000009d300000|100%| S|CS|TAMS 0x000000009d200000| PB 0x000000009d200000| Complete 
| 467|0x000000009d300000, 0x000000009d400000, 0x000000009d400000|100%| S|CS|TAMS 0x000000009d300000| PB 0x000000009d300000| Complete 
| 468|0x000000009d400000, 0x000000009d500000, 0x000000009d500000|100%| S|CS|TAMS 0x000000009d400000| PB 0x000000009d400000| Complete 
| 469|0x000000009d500000, 0x000000009d600000, 0x000000009d600000|100%| S|CS|TAMS 0x000000009d500000| PB 0x000000009d500000| Complete 
| 470|0x000000009d600000, 0x000000009d700000, 0x000000009d700000|100%| S|CS|TAMS 0x000000009d600000| PB 0x000000009d600000| Complete 
| 471|0x000000009d700000, 0x000000009d800000, 0x000000009d800000|100%| S|CS|TAMS 0x000000009d700000| PB 0x000000009d700000| Complete 
| 472|0x000000009d800000, 0x000000009d900000, 0x000000009d900000|100%|HS|  |TAMS 0x000000009d800000| PB 0x000000009d800000| Complete 
| 473|0x000000009d900000, 0x000000009da00000, 0x000000009da00000|100%|HC|  |TAMS 0x000000009d900000| PB 0x000000009d900000| Complete 
| 474|0x000000009da00000, 0x000000009db00000, 0x000000009db00000|100%|HC|  |TAMS 0x000000009da00000| PB 0x000000009da00000| Complete 
| 475|0x000000009db00000, 0x000000009dc00000, 0x000000009dc00000|100%|HC|  |TAMS 0x000000009db00000| PB 0x000000009db00000| Complete 
| 476|0x000000009dc00000, 0x000000009dd00000, 0x000000009dd00000|100%|HC|  |TAMS 0x000000009dc00000| PB 0x000000009dc00000| Complete 
| 477|0x000000009dd00000, 0x000000009de00000, 0x000000009de00000|100%|HC|  |TAMS 0x000000009dd00000| PB 0x000000009dd00000| Complete 
| 478|0x000000009de00000, 0x000000009df00000, 0x000000009df00000|100%|HC|  |TAMS 0x000000009de00000| PB 0x000000009de00000| Complete 
| 479|0x000000009df00000, 0x000000009e000000, 0x000000009e000000|100%|HC|  |TAMS 0x000000009df00000| PB 0x000000009df00000| Complete 
| 480|0x000000009e000000, 0x000000009e100000, 0x000000009e100000|100%|HC|  |TAMS 0x000000009e000000| PB 0x000000009e000000| Complete 
| 481|0x000000009e100000, 0x000000009e200000, 0x000000009e200000|100%|HC|  |TAMS 0x000000009e100000| PB 0x000000009e100000| Complete 
| 482|0x000000009e200000, 0x000000009e300000, 0x000000009e300000|100%|HC|  |TAMS 0x000000009e200000| PB 0x000000009e200000| Complete 
| 483|0x000000009e300000, 0x000000009e400000, 0x000000009e400000|100%|HC|  |TAMS 0x000000009e300000| PB 0x000000009e300000| Complete 
| 484|0x000000009e400000, 0x000000009e500000, 0x000000009e500000|100%|HC|  |TAMS 0x000000009e400000| PB 0x000000009e400000| Complete 
| 485|0x000000009e500000, 0x000000009e600000, 0x000000009e600000|100%|HC|  |TAMS 0x000000009e500000| PB 0x000000009e500000| Complete 
| 486|0x000000009e600000, 0x000000009e700000, 0x000000009e700000|100%|HC|  |TAMS 0x000000009e600000| PB 0x000000009e600000| Complete 
| 487|0x000000009e700000, 0x000000009e800000, 0x000000009e800000|100%|HC|  |TAMS 0x000000009e700000| PB 0x000000009e700000| Complete 
| 488|0x000000009e800000, 0x000000009e900000, 0x000000009e900000|100%|HC|  |TAMS 0x000000009e800000| PB 0x000000009e800000| Complete 
| 489|0x000000009e900000, 0x000000009ea00000, 0x000000009ea00000|100%|HC|  |TAMS 0x000000009e900000| PB 0x000000009e900000| Complete 
| 490|0x000000009ea00000, 0x000000009eb00000, 0x000000009eb00000|100%|HC|  |TAMS 0x000000009ea00000| PB 0x000000009ea00000| Complete 
| 491|0x000000009eb00000, 0x000000009ec00000, 0x000000009ec00000|100%|HC|  |TAMS 0x000000009eb00000| PB 0x000000009eb00000| Complete 
| 492|0x000000009ec00000, 0x000000009ed00000, 0x000000009ed00000|100%|HS|  |TAMS 0x000000009ec00000| PB 0x000000009ec00000| Complete 
| 493|0x000000009ed00000, 0x000000009ee00000, 0x000000009ee00000|100%|HC|  |TAMS 0x000000009ed00000| PB 0x000000009ed00000| Complete 
| 494|0x000000009ee00000, 0x000000009ef00000, 0x000000009ef00000|100%|HC|  |TAMS 0x000000009ee00000| PB 0x000000009ee00000| Complete 
| 495|0x000000009ef00000, 0x000000009f000000, 0x000000009f000000|100%|HC|  |TAMS 0x000000009ef00000| PB 0x000000009ef00000| Complete 
| 496|0x000000009f000000, 0x000000009f100000, 0x000000009f100000|100%|HC|  |TAMS 0x000000009f000000| PB 0x000000009f000000| Complete 
| 497|0x000000009f100000, 0x000000009f200000, 0x000000009f200000|100%|HC|  |TAMS 0x000000009f100000| PB 0x000000009f100000| Complete 
| 498|0x000000009f200000, 0x000000009f300000, 0x000000009f300000|100%|HC|  |TAMS 0x000000009f200000| PB 0x000000009f200000| Complete 
| 499|0x000000009f300000, 0x000000009f400000, 0x000000009f400000|100%|HC|  |TAMS 0x000000009f300000| PB 0x000000009f300000| Complete 
| 500|0x000000009f400000, 0x000000009f500000, 0x000000009f500000|100%|HC|  |TAMS 0x000000009f400000| PB 0x000000009f400000| Complete 
| 501|0x000000009f500000, 0x000000009f600000, 0x000000009f600000|100%|HC|  |TAMS 0x000000009f500000| PB 0x000000009f500000| Complete 
| 502|0x000000009f600000, 0x000000009f700000, 0x000000009f700000|100%|HC|  |TAMS 0x000000009f600000| PB 0x000000009f600000| Complete 
| 503|0x000000009f700000, 0x000000009f800000, 0x000000009f800000|100%|HC|  |TAMS 0x000000009f700000| PB 0x000000009f700000| Complete 
| 504|0x000000009f800000, 0x000000009f900000, 0x000000009f900000|100%|HC|  |TAMS 0x000000009f800000| PB 0x000000009f800000| Complete 
| 505|0x000000009f900000, 0x000000009fa00000, 0x000000009fa00000|100%|HC|  |TAMS 0x000000009f900000| PB 0x000000009f900000| Complete 
| 506|0x000000009fa00000, 0x000000009fb00000, 0x000000009fb00000|100%|HS|  |TAMS 0x000000009fa00000| PB 0x000000009fa00000| Complete 
| 507|0x000000009fb00000, 0x000000009fc00000, 0x000000009fc00000|100%|HC|  |TAMS 0x000000009fb00000| PB 0x000000009fb00000| Complete 
| 508|0x000000009fc00000, 0x000000009fd00000, 0x000000009fd00000|100%|HC|  |TAMS 0x000000009fc00000| PB 0x000000009fc00000| Complete 
| 509|0x000000009fd00000, 0x000000009fe00000, 0x000000009fe00000|100%|HC|  |TAMS 0x000000009fd00000| PB 0x000000009fd00000| Complete 
| 510|0x000000009fe00000, 0x000000009ff00000, 0x000000009ff00000|100%|HC|  |TAMS 0x000000009fe00000| PB 0x000000009fe00000| Complete 
| 511|0x000000009ff00000, 0x00000000a0000000, 0x00000000a0000000|100%|HC|  |TAMS 0x000000009ff00000| PB 0x000000009ff00000| Complete 
| 512|0x00000000a0000000, 0x00000000a0100000, 0x00000000a0100000|100%|HC|  |TAMS 0x00000000a0000000| PB 0x00000000a0000000| Complete 
| 513|0x00000000a0100000, 0x00000000a0200000, 0x00000000a0200000|100%|HC|  |TAMS 0x00000000a0100000| PB 0x00000000a0100000| Complete 
| 514|0x00000000a0200000, 0x00000000a0300000, 0x00000000a0300000|100%|HC|  |TAMS 0x00000000a0200000| PB 0x00000000a0200000| Complete 
| 515|0x00000000a0300000, 0x00000000a0400000, 0x00000000a0400000|100%|HC|  |TAMS 0x00000000a0300000| PB 0x00000000a0300000| Complete 
| 516|0x00000000a0400000, 0x00000000a0500000, 0x00000000a0500000|100%|HC|  |TAMS 0x00000000a0400000| PB 0x00000000a0400000| Complete 
| 517|0x00000000a0500000, 0x00000000a0600000, 0x00000000a0600000|100%|HC|  |TAMS 0x00000000a0500000| PB 0x00000000a0500000| Complete 
| 518|0x00000000a0600000, 0x00000000a0700000, 0x00000000a0700000|100%|HC|  |TAMS 0x00000000a0600000| PB 0x00000000a0600000| Complete 
| 519|0x00000000a0700000, 0x00000000a0800000, 0x00000000a0800000|100%|HC|  |TAMS 0x00000000a0700000| PB 0x00000000a0700000| Complete 
| 520|0x00000000a0800000, 0x00000000a0900000, 0x00000000a0900000|100%|HC|  |TAMS 0x00000000a0800000| PB 0x00000000a0800000| Complete 
| 521|0x00000000a0900000, 0x00000000a0a00000, 0x00000000a0a00000|100%|HC|  |TAMS 0x00000000a0900000| PB 0x00000000a0900000| Complete 
| 522|0x00000000a0a00000, 0x00000000a0b00000, 0x00000000a0b00000|100%|HC|  |TAMS 0x00000000a0a00000| PB 0x00000000a0a00000| Complete 
| 523|0x00000000a0b00000, 0x00000000a0c00000, 0x00000000a0c00000|100%|HC|  |TAMS 0x00000000a0b00000| PB 0x00000000a0b00000| Complete 
| 524|0x00000000a0c00000, 0x00000000a0d00000, 0x00000000a0d00000|100%|HC|  |TAMS 0x00000000a0c00000| PB 0x00000000a0c00000| Complete 
| 525|0x00000000a0d00000, 0x00000000a0e00000, 0x00000000a0e00000|100%|HC|  |TAMS 0x00000000a0d00000| PB 0x00000000a0d00000| Complete 
| 526|0x00000000a0e00000, 0x00000000a0f00000, 0x00000000a0f00000|100%|HC|  |TAMS 0x00000000a0e00000| PB 0x00000000a0e00000| Complete 
| 527|0x00000000a0f00000, 0x00000000a1000000, 0x00000000a1000000|100%|HC|  |TAMS 0x00000000a0f00000| PB 0x00000000a0f00000| Complete 
| 528|0x00000000a1000000, 0x00000000a1100000, 0x00000000a1100000|100%|HC|  |TAMS 0x00000000a1000000| PB 0x00000000a1000000| Complete 
| 529|0x00000000a1100000, 0x00000000a1200000, 0x00000000a1200000|100%|HS|  |TAMS 0x00000000a1100000| PB 0x00000000a1100000| Complete 
| 530|0x00000000a1200000, 0x00000000a1300000, 0x00000000a1300000|100%|HC|  |TAMS 0x00000000a1200000| PB 0x00000000a1200000| Complete 
| 531|0x00000000a1300000, 0x00000000a1400000, 0x00000000a1400000|100%|HS|  |TAMS 0x00000000a1300000| PB 0x00000000a1300000| Complete 
| 532|0x00000000a1400000, 0x00000000a1500000, 0x00000000a1500000|100%|HC|  |TAMS 0x00000000a1400000| PB 0x00000000a1400000| Complete 
| 533|0x00000000a1500000, 0x00000000a1600000, 0x00000000a1600000|100%|HS|  |TAMS 0x00000000a1500000| PB 0x00000000a1500000| Complete 
| 534|0x00000000a1600000, 0x00000000a1700000, 0x00000000a1700000|100%|HC|  |TAMS 0x00000000a1600000| PB 0x00000000a1600000| Complete 
| 535|0x00000000a1700000, 0x00000000a1800000, 0x00000000a1800000|100%|HS|  |TAMS 0x00000000a1700000| PB 0x00000000a1700000| Complete 
| 536|0x00000000a1800000, 0x00000000a1900000, 0x00000000a1900000|100%|HC|  |TAMS 0x00000000a1800000| PB 0x00000000a1800000| Complete 
| 537|0x00000000a1900000, 0x00000000a1a00000, 0x00000000a1a00000|100%|HS|  |TAMS 0x00000000a1900000| PB 0x00000000a1900000| Complete 
| 538|0x00000000a1a00000, 0x00000000a1b00000, 0x00000000a1b00000|100%|HC|  |TAMS 0x00000000a1a00000| PB 0x00000000a1a00000| Complete 
| 539|0x00000000a1b00000, 0x00000000a1c00000, 0x00000000a1c00000|100%|HS|  |TAMS 0x00000000a1b00000| PB 0x00000000a1b00000| Complete 
| 540|0x00000000a1c00000, 0x00000000a1d00000, 0x00000000a1d00000|100%|HC|  |TAMS 0x00000000a1c00000| PB 0x00000000a1c00000| Complete 
| 541|0x00000000a1d00000, 0x00000000a1e00000, 0x00000000a1e00000|100%|HS|  |TAMS 0x00000000a1d00000| PB 0x00000000a1d00000| Complete 
| 542|0x00000000a1e00000, 0x00000000a1f00000, 0x00000000a1f00000|100%|HC|  |TAMS 0x00000000a1e00000| PB 0x00000000a1e00000| Complete 
| 543|0x00000000a1f00000, 0x00000000a2000000, 0x00000000a2000000|100%|HS|  |TAMS 0x00000000a1f00000| PB 0x00000000a1f00000| Complete 
| 544|0x00000000a2000000, 0x00000000a2100000, 0x00000000a2100000|100%|HC|  |TAMS 0x00000000a2000000| PB 0x00000000a2000000| Complete 
| 545|0x00000000a2100000, 0x00000000a2200000, 0x00000000a2200000|100%|HS|  |TAMS 0x00000000a2100000| PB 0x00000000a2100000| Complete 
| 546|0x00000000a2200000, 0x00000000a2300000, 0x00000000a2300000|100%|HC|  |TAMS 0x00000000a2200000| PB 0x00000000a2200000| Complete 
| 547|0x00000000a2300000, 0x00000000a2400000, 0x00000000a2400000|100%|HS|  |TAMS 0x00000000a2300000| PB 0x00000000a2300000| Complete 
| 548|0x00000000a2400000, 0x00000000a2500000, 0x00000000a2500000|100%|HC|  |TAMS 0x00000000a2400000| PB 0x00000000a2400000| Complete 
| 549|0x00000000a2500000, 0x00000000a2600000, 0x00000000a2600000|100%|HS|  |TAMS 0x00000000a2500000| PB 0x00000000a2500000| Complete 
| 550|0x00000000a2600000, 0x00000000a2700000, 0x00000000a2700000|100%|HC|  |TAMS 0x00000000a2600000| PB 0x00000000a2600000| Complete 
| 551|0x00000000a2700000, 0x00000000a2800000, 0x00000000a2800000|100%|HS|  |TAMS 0x00000000a2700000| PB 0x00000000a2700000| Complete 
| 552|0x00000000a2800000, 0x00000000a2900000, 0x00000000a2900000|100%|HC|  |TAMS 0x00000000a2800000| PB 0x00000000a2800000| Complete 
| 553|0x00000000a2900000, 0x00000000a2a00000, 0x00000000a2a00000|100%|HS|  |TAMS 0x00000000a2900000| PB 0x00000000a2900000| Complete 
| 554|0x00000000a2a00000, 0x00000000a2b00000, 0x00000000a2b00000|100%|HC|  |TAMS 0x00000000a2a00000| PB 0x00000000a2a00000| Complete 
| 555|0x00000000a2b00000, 0x00000000a2c00000, 0x00000000a2c00000|100%|HS|  |TAMS 0x00000000a2b00000| PB 0x00000000a2b00000| Complete 
| 556|0x00000000a2c00000, 0x00000000a2d00000, 0x00000000a2d00000|100%|HC|  |TAMS 0x00000000a2c00000| PB 0x00000000a2c00000| Complete 
| 557|0x00000000a2d00000, 0x00000000a2e00000, 0x00000000a2e00000|100%|HS|  |TAMS 0x00000000a2d00000| PB 0x00000000a2d00000| Complete 
| 558|0x00000000a2e00000, 0x00000000a2f00000, 0x00000000a2f00000|100%|HC|  |TAMS 0x00000000a2e00000| PB 0x00000000a2e00000| Complete 
| 559|0x00000000a2f00000, 0x00000000a3000000, 0x00000000a3000000|100%|HS|  |TAMS 0x00000000a2f00000| PB 0x00000000a2f00000| Complete 
| 560|0x00000000a3000000, 0x00000000a3100000, 0x00000000a3100000|100%|HC|  |TAMS 0x00000000a3000000| PB 0x00000000a3000000| Complete 
| 561|0x00000000a3100000, 0x00000000a3200000, 0x00000000a3200000|100%|HS|  |TAMS 0x00000000a3100000| PB 0x00000000a3100000| Complete 
| 562|0x00000000a3200000, 0x00000000a3300000, 0x00000000a3300000|100%|HC|  |TAMS 0x00000000a3200000| PB 0x00000000a3200000| Complete 
| 563|0x00000000a3300000, 0x00000000a3400000, 0x00000000a3400000|100%|HS|  |TAMS 0x00000000a3300000| PB 0x00000000a3300000| Complete 
| 564|0x00000000a3400000, 0x00000000a3500000, 0x00000000a3500000|100%|HC|  |TAMS 0x00000000a3400000| PB 0x00000000a3400000| Complete 
| 565|0x00000000a3500000, 0x00000000a3600000, 0x00000000a3600000|100%|HS|  |TAMS 0x00000000a3500000| PB 0x00000000a3500000| Complete 
| 566|0x00000000a3600000, 0x00000000a3700000, 0x00000000a3700000|100%|HC|  |TAMS 0x00000000a3600000| PB 0x00000000a3600000| Complete 
| 567|0x00000000a3700000, 0x00000000a370f508, 0x00000000a3800000|  5%| E|  |TAMS 0x00000000a3700000| PB 0x00000000a3700000| Complete 
| 568|0x00000000a3800000, 0x00000000a3900000, 0x00000000a3900000|100%| E|CS|TAMS 0x00000000a3800000| PB 0x00000000a3800000| Complete 
| 569|0x00000000a3900000, 0x00000000a3a00000, 0x00000000a3a00000|100%| E|CS|TAMS 0x00000000a3900000| PB 0x00000000a3900000| Complete 
| 570|0x00000000a3a00000, 0x00000000a3b00000, 0x00000000a3b00000|100%| E|CS|TAMS 0x00000000a3a00000| PB 0x00000000a3a00000| Complete 
| 571|0x00000000a3b00000, 0x00000000a3c00000, 0x00000000a3c00000|100%| E|CS|TAMS 0x00000000a3b00000| PB 0x00000000a3b00000| Complete 
| 572|0x00000000a3c00000, 0x00000000a3d00000, 0x00000000a3d00000|100%| E|CS|TAMS 0x00000000a3c00000| PB 0x00000000a3c00000| Complete 
| 573|0x00000000a3d00000, 0x00000000a3e00000, 0x00000000a3e00000|100%| E|CS|TAMS 0x00000000a3d00000| PB 0x00000000a3d00000| Complete 
| 574|0x00000000a3e00000, 0x00000000a3f00000, 0x00000000a3f00000|100%| E|  |TAMS 0x00000000a3e00000| PB 0x00000000a3e00000| Complete 
| 575|0x00000000a3f00000, 0x00000000a4000000, 0x00000000a4000000|100%| E|CS|TAMS 0x00000000a3f00000| PB 0x00000000a3f00000| Complete 
| 576|0x00000000a4000000, 0x00000000a4100000, 0x00000000a4100000|100%| E|CS|TAMS 0x00000000a4000000| PB 0x00000000a4000000| Complete 
| 577|0x00000000a4100000, 0x00000000a4200000, 0x00000000a4200000|100%| E|CS|TAMS 0x00000000a4100000| PB 0x00000000a4100000| Complete 
| 578|0x00000000a4200000, 0x00000000a4300000, 0x00000000a4300000|100%| E|CS|TAMS 0x00000000a4200000| PB 0x00000000a4200000| Complete 
| 579|0x00000000a4300000, 0x00000000a4400000, 0x00000000a4400000|100%| E|CS|TAMS 0x00000000a4300000| PB 0x00000000a4300000| Complete 
| 580|0x00000000a4400000, 0x00000000a4500000, 0x00000000a4500000|100%| E|CS|TAMS 0x00000000a4400000| PB 0x00000000a4400000| Complete 
| 581|0x00000000a4500000, 0x00000000a4600000, 0x00000000a4600000|100%| E|CS|TAMS 0x00000000a4500000| PB 0x00000000a4500000| Complete 
| 582|0x00000000a4600000, 0x00000000a4700000, 0x00000000a4700000|100%| E|CS|TAMS 0x00000000a4600000| PB 0x00000000a4600000| Complete 
| 583|0x00000000a4700000, 0x00000000a4800000, 0x00000000a4800000|100%| E|CS|TAMS 0x00000000a4700000| PB 0x00000000a4700000| Complete 
| 584|0x00000000a4800000, 0x00000000a4900000, 0x00000000a4900000|100%| E|CS|TAMS 0x00000000a4800000| PB 0x00000000a4800000| Complete 
| 585|0x00000000a4900000, 0x00000000a4a00000, 0x00000000a4a00000|100%| E|CS|TAMS 0x00000000a4900000| PB 0x00000000a4900000| Complete 
| 586|0x00000000a4a00000, 0x00000000a4b00000, 0x00000000a4b00000|100%| E|CS|TAMS 0x00000000a4a00000| PB 0x00000000a4a00000| Complete 
| 587|0x00000000a4b00000, 0x00000000a4c00000, 0x00000000a4c00000|100%| E|CS|TAMS 0x00000000a4b00000| PB 0x00000000a4b00000| Complete 
| 588|0x00000000a4c00000, 0x00000000a4d00000, 0x00000000a4d00000|100%| E|CS|TAMS 0x00000000a4c00000| PB 0x00000000a4c00000| Complete 
| 589|0x00000000a4d00000, 0x00000000a4e00000, 0x00000000a4e00000|100%| E|CS|TAMS 0x00000000a4d00000| PB 0x00000000a4d00000| Complete 
| 590|0x00000000a4e00000, 0x00000000a4f00000, 0x00000000a4f00000|100%| E|CS|TAMS 0x00000000a4e00000| PB 0x00000000a4e00000| Complete 
| 591|0x00000000a4f00000, 0x00000000a5000000, 0x00000000a5000000|100%| E|CS|TAMS 0x00000000a4f00000| PB 0x00000000a4f00000| Complete 
| 592|0x00000000a5000000, 0x00000000a5100000, 0x00000000a5100000|100%| E|CS|TAMS 0x00000000a5000000| PB 0x00000000a5000000| Complete 
| 593|0x00000000a5100000, 0x00000000a5200000, 0x00000000a5200000|100%| E|CS|TAMS 0x00000000a5100000| PB 0x00000000a5100000| Complete 
| 594|0x00000000a5200000, 0x00000000a5300000, 0x00000000a5300000|100%| E|CS|TAMS 0x00000000a5200000| PB 0x00000000a5200000| Complete 
| 595|0x00000000a5300000, 0x00000000a5400000, 0x00000000a5400000|100%| E|CS|TAMS 0x00000000a5300000| PB 0x00000000a5300000| Complete 
| 596|0x00000000a5400000, 0x00000000a5500000, 0x00000000a5500000|100%| E|CS|TAMS 0x00000000a5400000| PB 0x00000000a5400000| Complete 
| 597|0x00000000a5500000, 0x00000000a5600000, 0x00000000a5600000|100%| E|CS|TAMS 0x00000000a5500000| PB 0x00000000a5500000| Complete 
| 598|0x00000000a5600000, 0x00000000a5700000, 0x00000000a5700000|100%| E|CS|TAMS 0x00000000a5600000| PB 0x00000000a5600000| Complete 
| 599|0x00000000a5700000, 0x00000000a5800000, 0x00000000a5800000|100%| E|CS|TAMS 0x00000000a5700000| PB 0x00000000a5700000| Complete 
| 600|0x00000000a5800000, 0x00000000a5900000, 0x00000000a5900000|100%| E|CS|TAMS 0x00000000a5800000| PB 0x00000000a5800000| Complete 
| 601|0x00000000a5900000, 0x00000000a5a00000, 0x00000000a5a00000|100%| E|CS|TAMS 0x00000000a5900000| PB 0x00000000a5900000| Complete 
| 602|0x00000000a5a00000, 0x00000000a5b00000, 0x00000000a5b00000|100%| E|CS|TAMS 0x00000000a5a00000| PB 0x00000000a5a00000| Complete 
| 603|0x00000000a5b00000, 0x00000000a5c00000, 0x00000000a5c00000|100%| E|CS|TAMS 0x00000000a5b00000| PB 0x00000000a5b00000| Complete 
| 604|0x00000000a5c00000, 0x00000000a5d00000, 0x00000000a5d00000|100%| E|CS|TAMS 0x00000000a5c00000| PB 0x00000000a5c00000| Complete 
| 605|0x00000000a5d00000, 0x00000000a5e00000, 0x00000000a5e00000|100%| E|CS|TAMS 0x00000000a5d00000| PB 0x00000000a5d00000| Complete 
| 606|0x00000000a5e00000, 0x00000000a5f00000, 0x00000000a5f00000|100%| E|CS|TAMS 0x00000000a5e00000| PB 0x00000000a5e00000| Complete 
| 607|0x00000000a5f00000, 0x00000000a6000000, 0x00000000a6000000|100%| E|CS|TAMS 0x00000000a5f00000| PB 0x00000000a5f00000| Complete 
| 608|0x00000000a6000000, 0x00000000a6100000, 0x00000000a6100000|100%| E|CS|TAMS 0x00000000a6000000| PB 0x00000000a6000000| Complete 
| 609|0x00000000a6100000, 0x00000000a6200000, 0x00000000a6200000|100%| E|CS|TAMS 0x00000000a6100000| PB 0x00000000a6100000| Complete 
| 610|0x00000000a6200000, 0x00000000a6300000, 0x00000000a6300000|100%| E|CS|TAMS 0x00000000a6200000| PB 0x00000000a6200000| Complete 
| 611|0x00000000a6300000, 0x00000000a6400000, 0x00000000a6400000|100%| E|CS|TAMS 0x00000000a6300000| PB 0x00000000a6300000| Complete 
| 612|0x00000000a6400000, 0x00000000a6500000, 0x00000000a6500000|100%| E|CS|TAMS 0x00000000a6400000| PB 0x00000000a6400000| Complete 
| 613|0x00000000a6500000, 0x00000000a6600000, 0x00000000a6600000|100%| E|CS|TAMS 0x00000000a6500000| PB 0x00000000a6500000| Complete 
| 614|0x00000000a6600000, 0x00000000a6700000, 0x00000000a6700000|100%| E|CS|TAMS 0x00000000a6600000| PB 0x00000000a6600000| Complete 
| 615|0x00000000a6700000, 0x00000000a6800000, 0x00000000a6800000|100%| E|CS|TAMS 0x00000000a6700000| PB 0x00000000a6700000| Complete 
| 616|0x00000000a6800000, 0x00000000a6900000, 0x00000000a6900000|100%| E|CS|TAMS 0x00000000a6800000| PB 0x00000000a6800000| Complete 
| 617|0x00000000a6900000, 0x00000000a6a00000, 0x00000000a6a00000|100%| E|CS|TAMS 0x00000000a6900000| PB 0x00000000a6900000| Complete 
| 618|0x00000000a6a00000, 0x00000000a6b00000, 0x00000000a6b00000|100%| E|CS|TAMS 0x00000000a6a00000| PB 0x00000000a6a00000| Complete 
| 619|0x00000000a6b00000, 0x00000000a6c00000, 0x00000000a6c00000|100%| E|CS|TAMS 0x00000000a6b00000| PB 0x00000000a6b00000| Complete 
| 620|0x00000000a6c00000, 0x00000000a6d00000, 0x00000000a6d00000|100%| E|CS|TAMS 0x00000000a6c00000| PB 0x00000000a6c00000| Complete 
| 621|0x00000000a6d00000, 0x00000000a6e00000, 0x00000000a6e00000|100%| E|CS|TAMS 0x00000000a6d00000| PB 0x00000000a6d00000| Complete 
| 622|0x00000000a6e00000, 0x00000000a6f00000, 0x00000000a6f00000|100%| E|CS|TAMS 0x00000000a6e00000| PB 0x00000000a6e00000| Complete 
| 623|0x00000000a6f00000, 0x00000000a7000000, 0x00000000a7000000|100%| E|CS|TAMS 0x00000000a6f00000| PB 0x00000000a6f00000| Complete 
| 624|0x00000000a7000000, 0x00000000a7100000, 0x00000000a7100000|100%| E|CS|TAMS 0x00000000a7000000| PB 0x00000000a7000000| Complete 
| 625|0x00000000a7100000, 0x00000000a7200000, 0x00000000a7200000|100%| E|CS|TAMS 0x00000000a7100000| PB 0x00000000a7100000| Complete 
| 626|0x00000000a7200000, 0x00000000a7300000, 0x00000000a7300000|100%| E|CS|TAMS 0x00000000a7200000| PB 0x00000000a7200000| Complete 
| 627|0x00000000a7300000, 0x00000000a7400000, 0x00000000a7400000|100%| E|CS|TAMS 0x00000000a7300000| PB 0x00000000a7300000| Complete 
| 628|0x00000000a7400000, 0x00000000a7500000, 0x00000000a7500000|100%| E|CS|TAMS 0x00000000a7400000| PB 0x00000000a7400000| Complete 
| 629|0x00000000a7500000, 0x00000000a7600000, 0x00000000a7600000|100%| E|CS|TAMS 0x00000000a7500000| PB 0x00000000a7500000| Complete 
| 630|0x00000000a7600000, 0x00000000a7700000, 0x00000000a7700000|100%| E|CS|TAMS 0x00000000a7600000| PB 0x00000000a7600000| Complete 
| 631|0x00000000a7700000, 0x00000000a7800000, 0x00000000a7800000|100%| E|CS|TAMS 0x00000000a7700000| PB 0x00000000a7700000| Complete 
| 632|0x00000000a7800000, 0x00000000a7900000, 0x00000000a7900000|100%| E|CS|TAMS 0x00000000a7800000| PB 0x00000000a7800000| Complete 
| 633|0x00000000a7900000, 0x00000000a7a00000, 0x00000000a7a00000|100%| E|CS|TAMS 0x00000000a7900000| PB 0x00000000a7900000| Complete 
| 634|0x00000000a7a00000, 0x00000000a7b00000, 0x00000000a7b00000|100%| E|CS|TAMS 0x00000000a7a00000| PB 0x00000000a7a00000| Complete 
| 635|0x00000000a7b00000, 0x00000000a7c00000, 0x00000000a7c00000|100%| E|CS|TAMS 0x00000000a7b00000| PB 0x00000000a7b00000| Complete 
| 636|0x00000000a7c00000, 0x00000000a7d00000, 0x00000000a7d00000|100%| E|CS|TAMS 0x00000000a7c00000| PB 0x00000000a7c00000| Complete 
| 637|0x00000000a7d00000, 0x00000000a7e00000, 0x00000000a7e00000|100%| E|CS|TAMS 0x00000000a7d00000| PB 0x00000000a7d00000| Complete 
| 638|0x00000000a7e00000, 0x00000000a7f00000, 0x00000000a7f00000|100%| E|CS|TAMS 0x00000000a7e00000| PB 0x00000000a7e00000| Complete 
| 639|0x00000000a7f00000, 0x00000000a8000000, 0x00000000a8000000|100%| E|CS|TAMS 0x00000000a7f00000| PB 0x00000000a7f00000| Complete 
| 640|0x00000000a8000000, 0x00000000a8100000, 0x00000000a8100000|100%| E|CS|TAMS 0x00000000a8000000| PB 0x00000000a8000000| Complete 
| 641|0x00000000a8100000, 0x00000000a8200000, 0x00000000a8200000|100%| E|CS|TAMS 0x00000000a8100000| PB 0x00000000a8100000| Complete 
| 642|0x00000000a8200000, 0x00000000a8300000, 0x00000000a8300000|100%| E|CS|TAMS 0x00000000a8200000| PB 0x00000000a8200000| Complete 
| 643|0x00000000a8300000, 0x00000000a8400000, 0x00000000a8400000|100%| E|CS|TAMS 0x00000000a8300000| PB 0x00000000a8300000| Complete 
| 644|0x00000000a8400000, 0x00000000a8500000, 0x00000000a8500000|100%| E|CS|TAMS 0x00000000a8400000| PB 0x00000000a8400000| Complete 
| 645|0x00000000a8500000, 0x00000000a8600000, 0x00000000a8600000|100%| E|CS|TAMS 0x00000000a8500000| PB 0x00000000a8500000| Complete 
| 646|0x00000000a8600000, 0x00000000a8700000, 0x00000000a8700000|100%| E|CS|TAMS 0x00000000a8600000| PB 0x00000000a8600000| Complete 
| 647|0x00000000a8700000, 0x00000000a8800000, 0x00000000a8800000|100%| E|CS|TAMS 0x00000000a8700000| PB 0x00000000a8700000| Complete 
| 648|0x00000000a8800000, 0x00000000a8900000, 0x00000000a8900000|100%| E|CS|TAMS 0x00000000a8800000| PB 0x00000000a8800000| Complete 
| 649|0x00000000a8900000, 0x00000000a8a00000, 0x00000000a8a00000|100%| E|CS|TAMS 0x00000000a8900000| PB 0x00000000a8900000| Complete 
| 650|0x00000000a8a00000, 0x00000000a8b00000, 0x00000000a8b00000|100%| E|CS|TAMS 0x00000000a8a00000| PB 0x00000000a8a00000| Complete 
| 651|0x00000000a8b00000, 0x00000000a8c00000, 0x00000000a8c00000|100%| E|CS|TAMS 0x00000000a8b00000| PB 0x00000000a8b00000| Complete 
| 652|0x00000000a8c00000, 0x00000000a8d00000, 0x00000000a8d00000|100%| E|CS|TAMS 0x00000000a8c00000| PB 0x00000000a8c00000| Complete 
| 653|0x00000000a8d00000, 0x00000000a8e00000, 0x00000000a8e00000|100%| E|CS|TAMS 0x00000000a8d00000| PB 0x00000000a8d00000| Complete 
| 654|0x00000000a8e00000, 0x00000000a8f00000, 0x00000000a8f00000|100%| E|CS|TAMS 0x00000000a8e00000| PB 0x00000000a8e00000| Complete 
| 655|0x00000000a8f00000, 0x00000000a9000000, 0x00000000a9000000|100%| E|CS|TAMS 0x00000000a8f00000| PB 0x00000000a8f00000| Complete 
| 656|0x00000000a9000000, 0x00000000a9100000, 0x00000000a9100000|100%| E|CS|TAMS 0x00000000a9000000| PB 0x00000000a9000000| Complete 
| 657|0x00000000a9100000, 0x00000000a9200000, 0x00000000a9200000|100%| E|CS|TAMS 0x00000000a9100000| PB 0x00000000a9100000| Complete 
| 658|0x00000000a9200000, 0x00000000a9300000, 0x00000000a9300000|100%| E|CS|TAMS 0x00000000a9200000| PB 0x00000000a9200000| Complete 
| 659|0x00000000a9300000, 0x00000000a9400000, 0x00000000a9400000|100%| E|CS|TAMS 0x00000000a9300000| PB 0x00000000a9300000| Complete 
| 660|0x00000000a9400000, 0x00000000a9500000, 0x00000000a9500000|100%| E|CS|TAMS 0x00000000a9400000| PB 0x00000000a9400000| Complete 
| 661|0x00000000a9500000, 0x00000000a9600000, 0x00000000a9600000|100%| E|CS|TAMS 0x00000000a9500000| PB 0x00000000a9500000| Complete 
| 662|0x00000000a9600000, 0x00000000a9700000, 0x00000000a9700000|100%| E|CS|TAMS 0x00000000a9600000| PB 0x00000000a9600000| Complete 
| 663|0x00000000a9700000, 0x00000000a9800000, 0x00000000a9800000|100%| E|CS|TAMS 0x00000000a9700000| PB 0x00000000a9700000| Complete 
| 664|0x00000000a9800000, 0x00000000a9900000, 0x00000000a9900000|100%| E|CS|TAMS 0x00000000a9800000| PB 0x00000000a9800000| Complete 
| 665|0x00000000a9900000, 0x00000000a9a00000, 0x00000000a9a00000|100%| E|CS|TAMS 0x00000000a9900000| PB 0x00000000a9900000| Complete 
| 666|0x00000000a9a00000, 0x00000000a9b00000, 0x00000000a9b00000|100%| E|CS|TAMS 0x00000000a9a00000| PB 0x00000000a9a00000| Complete 
| 667|0x00000000a9b00000, 0x00000000a9c00000, 0x00000000a9c00000|100%| E|CS|TAMS 0x00000000a9b00000| PB 0x00000000a9b00000| Complete 
| 668|0x00000000a9c00000, 0x00000000a9d00000, 0x00000000a9d00000|100%| E|CS|TAMS 0x00000000a9c00000| PB 0x00000000a9c00000| Complete 
| 669|0x00000000a9d00000, 0x00000000a9e00000, 0x00000000a9e00000|100%| E|CS|TAMS 0x00000000a9d00000| PB 0x00000000a9d00000| Complete 
| 670|0x00000000a9e00000, 0x00000000a9f00000, 0x00000000a9f00000|100%| E|CS|TAMS 0x00000000a9e00000| PB 0x00000000a9e00000| Complete 
| 671|0x00000000a9f00000, 0x00000000aa000000, 0x00000000aa000000|100%| E|CS|TAMS 0x00000000a9f00000| PB 0x00000000a9f00000| Complete 
| 672|0x00000000aa000000, 0x00000000aa100000, 0x00000000aa100000|100%| E|CS|TAMS 0x00000000aa000000| PB 0x00000000aa000000| Complete 
| 673|0x00000000aa100000, 0x00000000aa200000, 0x00000000aa200000|100%| E|CS|TAMS 0x00000000aa100000| PB 0x00000000aa100000| Complete 
| 674|0x00000000aa200000, 0x00000000aa300000, 0x00000000aa300000|100%| E|CS|TAMS 0x00000000aa200000| PB 0x00000000aa200000| Complete 
| 675|0x00000000aa300000, 0x00000000aa400000, 0x00000000aa400000|100%| E|CS|TAMS 0x00000000aa300000| PB 0x00000000aa300000| Complete 
| 676|0x00000000aa400000, 0x00000000aa500000, 0x00000000aa500000|100%| E|CS|TAMS 0x00000000aa400000| PB 0x00000000aa400000| Complete 
| 677|0x00000000aa500000, 0x00000000aa600000, 0x00000000aa600000|100%| E|CS|TAMS 0x00000000aa500000| PB 0x00000000aa500000| Complete 
| 678|0x00000000aa600000, 0x00000000aa700000, 0x00000000aa700000|100%| E|CS|TAMS 0x00000000aa600000| PB 0x00000000aa600000| Complete 
| 679|0x00000000aa700000, 0x00000000aa800000, 0x00000000aa800000|100%| E|CS|TAMS 0x00000000aa700000| PB 0x00000000aa700000| Complete 
| 680|0x00000000aa800000, 0x00000000aa900000, 0x00000000aa900000|100%| E|CS|TAMS 0x00000000aa800000| PB 0x00000000aa800000| Complete 
| 681|0x00000000aa900000, 0x00000000aaa00000, 0x00000000aaa00000|100%| E|CS|TAMS 0x00000000aa900000| PB 0x00000000aa900000| Complete 
| 682|0x00000000aaa00000, 0x00000000aab00000, 0x00000000aab00000|100%| E|CS|TAMS 0x00000000aaa00000| PB 0x00000000aaa00000| Complete 
| 683|0x00000000aab00000, 0x00000000aac00000, 0x00000000aac00000|100%| E|CS|TAMS 0x00000000aab00000| PB 0x00000000aab00000| Complete 
| 684|0x00000000aac00000, 0x00000000aad00000, 0x00000000aad00000|100%| E|CS|TAMS 0x00000000aac00000| PB 0x00000000aac00000| Complete 
| 685|0x00000000aad00000, 0x00000000aae00000, 0x00000000aae00000|100%| E|CS|TAMS 0x00000000aad00000| PB 0x00000000aad00000| Complete 
| 686|0x00000000aae00000, 0x00000000aaf00000, 0x00000000aaf00000|100%| E|CS|TAMS 0x00000000aae00000| PB 0x00000000aae00000| Complete 
| 687|0x00000000aaf00000, 0x00000000ab000000, 0x00000000ab000000|100%| E|CS|TAMS 0x00000000aaf00000| PB 0x00000000aaf00000| Complete 
| 688|0x00000000ab000000, 0x00000000ab100000, 0x00000000ab100000|100%| E|CS|TAMS 0x00000000ab000000| PB 0x00000000ab000000| Complete 
| 689|0x00000000ab100000, 0x00000000ab200000, 0x00000000ab200000|100%| E|CS|TAMS 0x00000000ab100000| PB 0x00000000ab100000| Complete 
| 690|0x00000000ab200000, 0x00000000ab300000, 0x00000000ab300000|100%| E|CS|TAMS 0x00000000ab200000| PB 0x00000000ab200000| Complete 
| 691|0x00000000ab300000, 0x00000000ab400000, 0x00000000ab400000|100%| E|CS|TAMS 0x00000000ab300000| PB 0x00000000ab300000| Complete 
| 692|0x00000000ab400000, 0x00000000ab500000, 0x00000000ab500000|100%| E|CS|TAMS 0x00000000ab400000| PB 0x00000000ab400000| Complete 
| 693|0x00000000ab500000, 0x00000000ab600000, 0x00000000ab600000|100%| E|CS|TAMS 0x00000000ab500000| PB 0x00000000ab500000| Complete 
| 694|0x00000000ab600000, 0x00000000ab700000, 0x00000000ab700000|100%| E|CS|TAMS 0x00000000ab600000| PB 0x00000000ab600000| Complete 
| 695|0x00000000ab700000, 0x00000000ab800000, 0x00000000ab800000|100%| E|CS|TAMS 0x00000000ab700000| PB 0x00000000ab700000| Complete 
| 696|0x00000000ab800000, 0x00000000ab900000, 0x00000000ab900000|100%| E|CS|TAMS 0x00000000ab800000| PB 0x00000000ab800000| Complete 
| 697|0x00000000ab900000, 0x00000000aba00000, 0x00000000aba00000|100%| E|CS|TAMS 0x00000000ab900000| PB 0x00000000ab900000| Complete 
| 698|0x00000000aba00000, 0x00000000abb00000, 0x00000000abb00000|100%| E|CS|TAMS 0x00000000aba00000| PB 0x00000000aba00000| Complete 
| 699|0x00000000abb00000, 0x00000000abc00000, 0x00000000abc00000|100%| E|CS|TAMS 0x00000000abb00000| PB 0x00000000abb00000| Complete 
| 700|0x00000000abc00000, 0x00000000abd00000, 0x00000000abd00000|100%| E|CS|TAMS 0x00000000abc00000| PB 0x00000000abc00000| Complete 
| 701|0x00000000abd00000, 0x00000000abe00000, 0x00000000abe00000|100%| E|CS|TAMS 0x00000000abd00000| PB 0x00000000abd00000| Complete 
| 702|0x00000000abe00000, 0x00000000abf00000, 0x00000000abf00000|100%| E|CS|TAMS 0x00000000abe00000| PB 0x00000000abe00000| Complete 
| 703|0x00000000abf00000, 0x00000000ac000000, 0x00000000ac000000|100%| E|CS|TAMS 0x00000000abf00000| PB 0x00000000abf00000| Complete 
| 704|0x00000000ac000000, 0x00000000ac100000, 0x00000000ac100000|100%| E|CS|TAMS 0x00000000ac000000| PB 0x00000000ac000000| Complete 
| 705|0x00000000ac100000, 0x00000000ac200000, 0x00000000ac200000|100%| E|CS|TAMS 0x00000000ac100000| PB 0x00000000ac100000| Complete 
| 706|0x00000000ac200000, 0x00000000ac300000, 0x00000000ac300000|100%| E|CS|TAMS 0x00000000ac200000| PB 0x00000000ac200000| Complete 
| 707|0x00000000ac300000, 0x00000000ac400000, 0x00000000ac400000|100%| E|CS|TAMS 0x00000000ac300000| PB 0x00000000ac300000| Complete 
| 708|0x00000000ac400000, 0x00000000ac500000, 0x00000000ac500000|100%| E|CS|TAMS 0x00000000ac400000| PB 0x00000000ac400000| Complete 
| 709|0x00000000ac500000, 0x00000000ac600000, 0x00000000ac600000|100%| E|CS|TAMS 0x00000000ac500000| PB 0x00000000ac500000| Complete 
| 710|0x00000000ac600000, 0x00000000ac700000, 0x00000000ac700000|100%| E|CS|TAMS 0x00000000ac600000| PB 0x00000000ac600000| Complete 
| 711|0x00000000ac700000, 0x00000000ac800000, 0x00000000ac800000|100%| E|CS|TAMS 0x00000000ac700000| PB 0x00000000ac700000| Complete 
| 712|0x00000000ac800000, 0x00000000ac900000, 0x00000000ac900000|100%| E|CS|TAMS 0x00000000ac800000| PB 0x00000000ac800000| Complete 
| 713|0x00000000ac900000, 0x00000000aca00000, 0x00000000aca00000|100%| E|CS|TAMS 0x00000000ac900000| PB 0x00000000ac900000| Complete 
| 714|0x00000000aca00000, 0x00000000acb00000, 0x00000000acb00000|100%| E|CS|TAMS 0x00000000aca00000| PB 0x00000000aca00000| Complete 
| 715|0x00000000acb00000, 0x00000000acc00000, 0x00000000acc00000|100%| E|CS|TAMS 0x00000000acb00000| PB 0x00000000acb00000| Complete 
| 716|0x00000000acc00000, 0x00000000acd00000, 0x00000000acd00000|100%| E|CS|TAMS 0x00000000acc00000| PB 0x00000000acc00000| Complete 
| 717|0x00000000acd00000, 0x00000000ace00000, 0x00000000ace00000|100%| E|CS|TAMS 0x00000000acd00000| PB 0x00000000acd00000| Complete 
| 718|0x00000000ace00000, 0x00000000acf00000, 0x00000000acf00000|100%| E|CS|TAMS 0x00000000ace00000| PB 0x00000000ace00000| Complete 
| 719|0x00000000acf00000, 0x00000000ad000000, 0x00000000ad000000|100%| E|CS|TAMS 0x00000000acf00000| PB 0x00000000acf00000| Complete 
| 720|0x00000000ad000000, 0x00000000ad100000, 0x00000000ad100000|100%| E|CS|TAMS 0x00000000ad000000| PB 0x00000000ad000000| Complete 
| 721|0x00000000ad100000, 0x00000000ad200000, 0x00000000ad200000|100%| E|CS|TAMS 0x00000000ad100000| PB 0x00000000ad100000| Complete 
| 722|0x00000000ad200000, 0x00000000ad300000, 0x00000000ad300000|100%| E|CS|TAMS 0x00000000ad200000| PB 0x00000000ad200000| Complete 
| 723|0x00000000ad300000, 0x00000000ad400000, 0x00000000ad400000|100%| E|CS|TAMS 0x00000000ad300000| PB 0x00000000ad300000| Complete 
| 724|0x00000000ad400000, 0x00000000ad500000, 0x00000000ad500000|100%| E|CS|TAMS 0x00000000ad400000| PB 0x00000000ad400000| Complete 
| 725|0x00000000ad500000, 0x00000000ad600000, 0x00000000ad600000|100%| E|CS|TAMS 0x00000000ad500000| PB 0x00000000ad500000| Complete 
| 726|0x00000000ad600000, 0x00000000ad700000, 0x00000000ad700000|100%| E|CS|TAMS 0x00000000ad600000| PB 0x00000000ad600000| Complete 
| 727|0x00000000ad700000, 0x00000000ad800000, 0x00000000ad800000|100%| E|CS|TAMS 0x00000000ad700000| PB 0x00000000ad700000| Complete 
| 728|0x00000000ad800000, 0x00000000ad900000, 0x00000000ad900000|100%| E|CS|TAMS 0x00000000ad800000| PB 0x00000000ad800000| Complete 
| 729|0x00000000ad900000, 0x00000000ada00000, 0x00000000ada00000|100%| E|CS|TAMS 0x00000000ad900000| PB 0x00000000ad900000| Complete 
| 730|0x00000000ada00000, 0x00000000adb00000, 0x00000000adb00000|100%| E|CS|TAMS 0x00000000ada00000| PB 0x00000000ada00000| Complete 
| 731|0x00000000adb00000, 0x00000000adc00000, 0x00000000adc00000|100%| E|CS|TAMS 0x00000000adb00000| PB 0x00000000adb00000| Complete 
| 732|0x00000000adc00000, 0x00000000add00000, 0x00000000add00000|100%| E|CS|TAMS 0x00000000adc00000| PB 0x00000000adc00000| Complete 
| 733|0x00000000add00000, 0x00000000ade00000, 0x00000000ade00000|100%| E|CS|TAMS 0x00000000add00000| PB 0x00000000add00000| Complete 
| 734|0x00000000ade00000, 0x00000000adf00000, 0x00000000adf00000|100%| E|CS|TAMS 0x00000000ade00000| PB 0x00000000ade00000| Complete 
| 735|0x00000000adf00000, 0x00000000ae000000, 0x00000000ae000000|100%| E|CS|TAMS 0x00000000adf00000| PB 0x00000000adf00000| Complete 
| 736|0x00000000ae000000, 0x00000000ae100000, 0x00000000ae100000|100%| E|CS|TAMS 0x00000000ae000000| PB 0x00000000ae000000| Complete 
| 737|0x00000000ae100000, 0x00000000ae200000, 0x00000000ae200000|100%| E|CS|TAMS 0x00000000ae100000| PB 0x00000000ae100000| Complete 
| 738|0x00000000ae200000, 0x00000000ae300000, 0x00000000ae300000|100%| E|CS|TAMS 0x00000000ae200000| PB 0x00000000ae200000| Complete 
| 739|0x00000000ae300000, 0x00000000ae400000, 0x00000000ae400000|100%| E|CS|TAMS 0x00000000ae300000| PB 0x00000000ae300000| Complete 
| 740|0x00000000ae400000, 0x00000000ae500000, 0x00000000ae500000|100%| E|CS|TAMS 0x00000000ae400000| PB 0x00000000ae400000| Complete 
| 741|0x00000000ae500000, 0x00000000ae600000, 0x00000000ae600000|100%| E|CS|TAMS 0x00000000ae500000| PB 0x00000000ae500000| Complete 
| 742|0x00000000ae600000, 0x00000000ae700000, 0x00000000ae700000|100%| E|CS|TAMS 0x00000000ae600000| PB 0x00000000ae600000| Complete 
| 743|0x00000000ae700000, 0x00000000ae800000, 0x00000000ae800000|100%| E|CS|TAMS 0x00000000ae700000| PB 0x00000000ae700000| Complete 
| 744|0x00000000ae800000, 0x00000000ae900000, 0x00000000ae900000|100%| E|CS|TAMS 0x00000000ae800000| PB 0x00000000ae800000| Complete 
| 745|0x00000000ae900000, 0x00000000aea00000, 0x00000000aea00000|100%| E|CS|TAMS 0x00000000ae900000| PB 0x00000000ae900000| Complete 
| 746|0x00000000aea00000, 0x00000000aeb00000, 0x00000000aeb00000|100%| E|CS|TAMS 0x00000000aea00000| PB 0x00000000aea00000| Complete 
| 747|0x00000000aeb00000, 0x00000000aec00000, 0x00000000aec00000|100%| E|CS|TAMS 0x00000000aeb00000| PB 0x00000000aeb00000| Complete 
| 748|0x00000000aec00000, 0x00000000aed00000, 0x00000000aed00000|100%| E|CS|TAMS 0x00000000aec00000| PB 0x00000000aec00000| Complete 
| 749|0x00000000aed00000, 0x00000000aee00000, 0x00000000aee00000|100%| E|CS|TAMS 0x00000000aed00000| PB 0x00000000aed00000| Complete 
| 750|0x00000000aee00000, 0x00000000aef00000, 0x00000000aef00000|100%|HS|  |TAMS 0x00000000aee00000| PB 0x00000000aee00000| Complete 
| 751|0x00000000aef00000, 0x00000000af000000, 0x00000000af000000|100%|HC|  |TAMS 0x00000000aef00000| PB 0x00000000aef00000| Complete 
| 752|0x00000000af000000, 0x00000000af100000, 0x00000000af100000|100%|HS|  |TAMS 0x00000000af000000| PB 0x00000000af000000| Complete 
| 753|0x00000000af100000, 0x00000000af200000, 0x00000000af200000|100%|HC|  |TAMS 0x00000000af100000| PB 0x00000000af100000| Complete 
| 754|0x00000000af200000, 0x00000000af300000, 0x00000000af300000|100%|HS|  |TAMS 0x00000000af200000| PB 0x00000000af200000| Complete 
| 755|0x00000000af300000, 0x00000000af400000, 0x00000000af400000|100%|HC|  |TAMS 0x00000000af300000| PB 0x00000000af300000| Complete 
| 756|0x00000000af400000, 0x00000000af500000, 0x00000000af500000|100%|HS|  |TAMS 0x00000000af400000| PB 0x00000000af400000| Complete 
| 757|0x00000000af500000, 0x00000000af600000, 0x00000000af600000|100%|HC|  |TAMS 0x00000000af500000| PB 0x00000000af500000| Complete 
| 758|0x00000000af600000, 0x00000000af700000, 0x00000000af700000|100%|HS|  |TAMS 0x00000000af600000| PB 0x00000000af600000| Complete 
| 759|0x00000000af700000, 0x00000000af800000, 0x00000000af800000|100%|HC|  |TAMS 0x00000000af700000| PB 0x00000000af700000| Complete 
| 760|0x00000000af800000, 0x00000000af900000, 0x00000000af900000|100%|HS|  |TAMS 0x00000000af800000| PB 0x00000000af800000| Complete 
| 761|0x00000000af900000, 0x00000000afa00000, 0x00000000afa00000|100%|HC|  |TAMS 0x00000000af900000| PB 0x00000000af900000| Complete 
| 762|0x00000000afa00000, 0x00000000afb00000, 0x00000000afb00000|100%|HS|  |TAMS 0x00000000afa00000| PB 0x00000000afa00000| Complete 
| 763|0x00000000afb00000, 0x00000000afc00000, 0x00000000afc00000|100%|HC|  |TAMS 0x00000000afb00000| PB 0x00000000afb00000| Complete 
| 764|0x00000000afc00000, 0x00000000afd00000, 0x00000000afd00000|100%|HS|  |TAMS 0x00000000afc00000| PB 0x00000000afc00000| Complete 
| 765|0x00000000afd00000, 0x00000000afe00000, 0x00000000afe00000|100%|HC|  |TAMS 0x00000000afd00000| PB 0x00000000afd00000| Complete 
| 766|0x00000000afe00000, 0x00000000aff00000, 0x00000000aff00000|100%|HS|  |TAMS 0x00000000afe00000| PB 0x00000000afe00000| Complete 
| 767|0x00000000aff00000, 0x00000000b0000000, 0x00000000b0000000|100%|HC|  |TAMS 0x00000000aff00000| PB 0x00000000aff00000| Complete 
| 768|0x00000000b0000000, 0x00000000b0100000, 0x00000000b0100000|100%|HS|  |TAMS 0x00000000b0000000| PB 0x00000000b0000000| Complete 
| 769|0x00000000b0100000, 0x00000000b0200000, 0x00000000b0200000|100%|HC|  |TAMS 0x00000000b0100000| PB 0x00000000b0100000| Complete 
| 770|0x00000000b0200000, 0x00000000b0300000, 0x00000000b0300000|100%|HS|  |TAMS 0x00000000b0200000| PB 0x00000000b0200000| Complete 
| 771|0x00000000b0300000, 0x00000000b0400000, 0x00000000b0400000|100%|HC|  |TAMS 0x00000000b0300000| PB 0x00000000b0300000| Complete 
| 772|0x00000000b0400000, 0x00000000b0500000, 0x00000000b0500000|100%|HS|  |TAMS 0x00000000b0400000| PB 0x00000000b0400000| Complete 
| 773|0x00000000b0500000, 0x00000000b0600000, 0x00000000b0600000|100%|HC|  |TAMS 0x00000000b0500000| PB 0x00000000b0500000| Complete 
| 774|0x00000000b0600000, 0x00000000b0700000, 0x00000000b0700000|100%|HS|  |TAMS 0x00000000b0600000| PB 0x00000000b0600000| Complete 
| 775|0x00000000b0700000, 0x00000000b0800000, 0x00000000b0800000|100%|HC|  |TAMS 0x00000000b0700000| PB 0x00000000b0700000| Complete 
| 776|0x00000000b0800000, 0x00000000b0900000, 0x00000000b0900000|100%|HS|  |TAMS 0x00000000b0800000| PB 0x00000000b0800000| Complete 
| 777|0x00000000b0900000, 0x00000000b0a00000, 0x00000000b0a00000|100%|HC|  |TAMS 0x00000000b0900000| PB 0x00000000b0900000| Complete 
| 778|0x00000000b0a00000, 0x00000000b0b00000, 0x00000000b0b00000|100%|HS|  |TAMS 0x00000000b0a00000| PB 0x00000000b0a00000| Complete 
| 779|0x00000000b0b00000, 0x00000000b0c00000, 0x00000000b0c00000|100%|HC|  |TAMS 0x00000000b0b00000| PB 0x00000000b0b00000| Complete 
| 780|0x00000000b0c00000, 0x00000000b0d00000, 0x00000000b0d00000|100%|HS|  |TAMS 0x00000000b0c00000| PB 0x00000000b0c00000| Complete 
| 781|0x00000000b0d00000, 0x00000000b0e00000, 0x00000000b0e00000|100%|HC|  |TAMS 0x00000000b0d00000| PB 0x00000000b0d00000| Complete 
| 782|0x00000000b0e00000, 0x00000000b0f00000, 0x00000000b0f00000|100%|HS|  |TAMS 0x00000000b0e00000| PB 0x00000000b0e00000| Complete 
| 783|0x00000000b0f00000, 0x00000000b1000000, 0x00000000b1000000|100%|HC|  |TAMS 0x00000000b0f00000| PB 0x00000000b0f00000| Complete 
| 784|0x00000000b1000000, 0x00000000b1100000, 0x00000000b1100000|100%|HS|  |TAMS 0x00000000b1000000| PB 0x00000000b1000000| Complete 
| 785|0x00000000b1100000, 0x00000000b1200000, 0x00000000b1200000|100%|HC|  |TAMS 0x00000000b1100000| PB 0x00000000b1100000| Complete 
| 786|0x00000000b1200000, 0x00000000b1300000, 0x00000000b1300000|100%|HS|  |TAMS 0x00000000b1200000| PB 0x00000000b1200000| Complete 
| 787|0x00000000b1300000, 0x00000000b1400000, 0x00000000b1400000|100%|HC|  |TAMS 0x00000000b1300000| PB 0x00000000b1300000| Complete 
| 788|0x00000000b1400000, 0x00000000b1500000, 0x00000000b1500000|100%|HS|  |TAMS 0x00000000b1400000| PB 0x00000000b1400000| Complete 
| 789|0x00000000b1500000, 0x00000000b1600000, 0x00000000b1600000|100%|HC|  |TAMS 0x00000000b1500000| PB 0x00000000b1500000| Complete 
| 790|0x00000000b1600000, 0x00000000b1700000, 0x00000000b1700000|100%|HS|  |TAMS 0x00000000b1600000| PB 0x00000000b1600000| Complete 
| 791|0x00000000b1700000, 0x00000000b1800000, 0x00000000b1800000|100%|HC|  |TAMS 0x00000000b1700000| PB 0x00000000b1700000| Complete 
| 792|0x00000000b1800000, 0x00000000b1900000, 0x00000000b1900000|100%|HS|  |TAMS 0x00000000b1800000| PB 0x00000000b1800000| Complete 
| 793|0x00000000b1900000, 0x00000000b1a00000, 0x00000000b1a00000|100%|HC|  |TAMS 0x00000000b1900000| PB 0x00000000b1900000| Complete 
| 794|0x00000000b1a00000, 0x00000000b1b00000, 0x00000000b1b00000|100%|HS|  |TAMS 0x00000000b1a00000| PB 0x00000000b1a00000| Complete 
| 795|0x00000000b1b00000, 0x00000000b1c00000, 0x00000000b1c00000|100%|HC|  |TAMS 0x00000000b1b00000| PB 0x00000000b1b00000| Complete 
| 796|0x00000000b1c00000, 0x00000000b1d00000, 0x00000000b1d00000|100%|HS|  |TAMS 0x00000000b1c00000| PB 0x00000000b1c00000| Complete 
| 797|0x00000000b1d00000, 0x00000000b1e00000, 0x00000000b1e00000|100%|HC|  |TAMS 0x00000000b1d00000| PB 0x00000000b1d00000| Complete 
| 798|0x00000000b1e00000, 0x00000000b1f00000, 0x00000000b1f00000|100%|HS|  |TAMS 0x00000000b1e00000| PB 0x00000000b1e00000| Complete 
| 799|0x00000000b1f00000, 0x00000000b2000000, 0x00000000b2000000|100%|HC|  |TAMS 0x00000000b1f00000| PB 0x00000000b1f00000| Complete 
| 800|0x00000000b2000000, 0x00000000b2100000, 0x00000000b2100000|100%|HS|  |TAMS 0x00000000b2000000| PB 0x00000000b2000000| Complete 
| 801|0x00000000b2100000, 0x00000000b2200000, 0x00000000b2200000|100%|HC|  |TAMS 0x00000000b2100000| PB 0x00000000b2100000| Complete 
| 802|0x00000000b2200000, 0x00000000b2300000, 0x00000000b2300000|100%|HS|  |TAMS 0x00000000b2200000| PB 0x00000000b2200000| Complete 
| 803|0x00000000b2300000, 0x00000000b2400000, 0x00000000b2400000|100%|HC|  |TAMS 0x00000000b2300000| PB 0x00000000b2300000| Complete 
| 804|0x00000000b2400000, 0x00000000b2500000, 0x00000000b2500000|100%|HS|  |TAMS 0x00000000b2400000| PB 0x00000000b2400000| Complete 
| 805|0x00000000b2500000, 0x00000000b2600000, 0x00000000b2600000|100%|HC|  |TAMS 0x00000000b2500000| PB 0x00000000b2500000| Complete 
| 806|0x00000000b2600000, 0x00000000b2700000, 0x00000000b2700000|100%|HS|  |TAMS 0x00000000b2600000| PB 0x00000000b2600000| Complete 
| 807|0x00000000b2700000, 0x00000000b2800000, 0x00000000b2800000|100%|HC|  |TAMS 0x00000000b2700000| PB 0x00000000b2700000| Complete 
| 808|0x00000000b2800000, 0x00000000b2900000, 0x00000000b2900000|100%|HS|  |TAMS 0x00000000b2800000| PB 0x00000000b2800000| Complete 
| 809|0x00000000b2900000, 0x00000000b2a00000, 0x00000000b2a00000|100%|HC|  |TAMS 0x00000000b2900000| PB 0x00000000b2900000| Complete 
| 810|0x00000000b2a00000, 0x00000000b2b00000, 0x00000000b2b00000|100%|HS|  |TAMS 0x00000000b2a00000| PB 0x00000000b2a00000| Complete 
| 811|0x00000000b2b00000, 0x00000000b2c00000, 0x00000000b2c00000|100%|HC|  |TAMS 0x00000000b2b00000| PB 0x00000000b2b00000| Complete 
| 812|0x00000000b2c00000, 0x00000000b2d00000, 0x00000000b2d00000|100%|HS|  |TAMS 0x00000000b2c00000| PB 0x00000000b2c00000| Complete 
| 813|0x00000000b2d00000, 0x00000000b2e00000, 0x00000000b2e00000|100%|HC|  |TAMS 0x00000000b2d00000| PB 0x00000000b2d00000| Complete 
| 814|0x00000000b2e00000, 0x00000000b2f00000, 0x00000000b2f00000|100%|HS|  |TAMS 0x00000000b2e00000| PB 0x00000000b2e00000| Complete 
| 815|0x00000000b2f00000, 0x00000000b3000000, 0x00000000b3000000|100%|HC|  |TAMS 0x00000000b2f00000| PB 0x00000000b2f00000| Complete 
| 816|0x00000000b3000000, 0x00000000b3100000, 0x00000000b3100000|100%|HS|  |TAMS 0x00000000b3000000| PB 0x00000000b3000000| Complete 
| 817|0x00000000b3100000, 0x00000000b3200000, 0x00000000b3200000|100%|HC|  |TAMS 0x00000000b3100000| PB 0x00000000b3100000| Complete 
| 818|0x00000000b3200000, 0x00000000b3300000, 0x00000000b3300000|100%|HS|  |TAMS 0x00000000b3200000| PB 0x00000000b3200000| Complete 
| 819|0x00000000b3300000, 0x00000000b3400000, 0x00000000b3400000|100%|HC|  |TAMS 0x00000000b3300000| PB 0x00000000b3300000| Complete 
| 820|0x00000000b3400000, 0x00000000b3500000, 0x00000000b3500000|100%|HS|  |TAMS 0x00000000b3400000| PB 0x00000000b3400000| Complete 
| 821|0x00000000b3500000, 0x00000000b3600000, 0x00000000b3600000|100%|HC|  |TAMS 0x00000000b3500000| PB 0x00000000b3500000| Complete 
| 822|0x00000000b3600000, 0x00000000b3700000, 0x00000000b3700000|100%|HS|  |TAMS 0x00000000b3600000| PB 0x00000000b3600000| Complete 
| 823|0x00000000b3700000, 0x00000000b3800000, 0x00000000b3800000|100%|HC|  |TAMS 0x00000000b3700000| PB 0x00000000b3700000| Complete 
| 824|0x00000000b3800000, 0x00000000b3900000, 0x00000000b3900000|100%|HS|  |TAMS 0x00000000b3800000| PB 0x00000000b3800000| Complete 
| 825|0x00000000b3900000, 0x00000000b3a00000, 0x00000000b3a00000|100%|HC|  |TAMS 0x00000000b3900000| PB 0x00000000b3900000| Complete 
| 826|0x00000000b3a00000, 0x00000000b3b00000, 0x00000000b3b00000|100%|HS|  |TAMS 0x00000000b3a00000| PB 0x00000000b3a00000| Complete 
| 827|0x00000000b3b00000, 0x00000000b3c00000, 0x00000000b3c00000|100%|HC|  |TAMS 0x00000000b3b00000| PB 0x00000000b3b00000| Complete 
| 828|0x00000000b3c00000, 0x00000000b3d00000, 0x00000000b3d00000|100%|HS|  |TAMS 0x00000000b3c00000| PB 0x00000000b3c00000| Complete 
| 829|0x00000000b3d00000, 0x00000000b3e00000, 0x00000000b3e00000|100%|HC|  |TAMS 0x00000000b3d00000| PB 0x00000000b3d00000| Complete 
| 830|0x00000000b3e00000, 0x00000000b3f00000, 0x00000000b3f00000|100%|HS|  |TAMS 0x00000000b3e00000| PB 0x00000000b3e00000| Complete 
| 831|0x00000000b3f00000, 0x00000000b4000000, 0x00000000b4000000|100%|HC|  |TAMS 0x00000000b3f00000| PB 0x00000000b3f00000| Complete 
| 832|0x00000000b4000000, 0x00000000b4100000, 0x00000000b4100000|100%|HS|  |TAMS 0x00000000b4000000| PB 0x00000000b4000000| Complete 
| 833|0x00000000b4100000, 0x00000000b4200000, 0x00000000b4200000|100%|HC|  |TAMS 0x00000000b4100000| PB 0x00000000b4100000| Complete 
| 834|0x00000000b4200000, 0x00000000b4300000, 0x00000000b4300000|100%|HS|  |TAMS 0x00000000b4200000| PB 0x00000000b4200000| Complete 
| 835|0x00000000b4300000, 0x00000000b4400000, 0x00000000b4400000|100%|HC|  |TAMS 0x00000000b4300000| PB 0x00000000b4300000| Complete 
| 836|0x00000000b4400000, 0x00000000b4500000, 0x00000000b4500000|100%|HS|  |TAMS 0x00000000b4400000| PB 0x00000000b4400000| Complete 
| 837|0x00000000b4500000, 0x00000000b4600000, 0x00000000b4600000|100%|HC|  |TAMS 0x00000000b4500000| PB 0x00000000b4500000| Complete 
| 838|0x00000000b4600000, 0x00000000b4700000, 0x00000000b4700000|100%|HS|  |TAMS 0x00000000b4600000| PB 0x00000000b4600000| Complete 
| 839|0x00000000b4700000, 0x00000000b4800000, 0x00000000b4800000|100%|HC|  |TAMS 0x00000000b4700000| PB 0x00000000b4700000| Complete 
| 840|0x00000000b4800000, 0x00000000b4900000, 0x00000000b4900000|100%|HS|  |TAMS 0x00000000b4800000| PB 0x00000000b4800000| Complete 
| 841|0x00000000b4900000, 0x00000000b4a00000, 0x00000000b4a00000|100%|HC|  |TAMS 0x00000000b4900000| PB 0x00000000b4900000| Complete 
| 842|0x00000000b4a00000, 0x00000000b4b00000, 0x00000000b4b00000|100%|HS|  |TAMS 0x00000000b4a00000| PB 0x00000000b4a00000| Complete 
| 843|0x00000000b4b00000, 0x00000000b4c00000, 0x00000000b4c00000|100%|HC|  |TAMS 0x00000000b4b00000| PB 0x00000000b4b00000| Complete 
| 844|0x00000000b4c00000, 0x00000000b4d00000, 0x00000000b4d00000|100%|HS|  |TAMS 0x00000000b4c00000| PB 0x00000000b4c00000| Complete 
| 845|0x00000000b4d00000, 0x00000000b4e00000, 0x00000000b4e00000|100%|HC|  |TAMS 0x00000000b4d00000| PB 0x00000000b4d00000| Complete 
| 846|0x00000000b4e00000, 0x00000000b4f00000, 0x00000000b4f00000|100%|HS|  |TAMS 0x00000000b4e00000| PB 0x00000000b4e00000| Complete 
| 847|0x00000000b4f00000, 0x00000000b5000000, 0x00000000b5000000|100%|HC|  |TAMS 0x00000000b4f00000| PB 0x00000000b4f00000| Complete 
| 848|0x00000000b5000000, 0x00000000b5100000, 0x00000000b5100000|100%|HS|  |TAMS 0x00000000b5000000| PB 0x00000000b5000000| Complete 
| 849|0x00000000b5100000, 0x00000000b5200000, 0x00000000b5200000|100%|HC|  |TAMS 0x00000000b5100000| PB 0x00000000b5100000| Complete 
| 850|0x00000000b5200000, 0x00000000b5300000, 0x00000000b5300000|100%|HS|  |TAMS 0x00000000b5200000| PB 0x00000000b5200000| Complete 
| 851|0x00000000b5300000, 0x00000000b5400000, 0x00000000b5400000|100%|HC|  |TAMS 0x00000000b5300000| PB 0x00000000b5300000| Complete 
| 852|0x00000000b5400000, 0x00000000b5500000, 0x00000000b5500000|100%|HS|  |TAMS 0x00000000b5400000| PB 0x00000000b5400000| Complete 
| 853|0x00000000b5500000, 0x00000000b5600000, 0x00000000b5600000|100%|HC|  |TAMS 0x00000000b5500000| PB 0x00000000b5500000| Complete 
| 854|0x00000000b5600000, 0x00000000b5700000, 0x00000000b5700000|100%|HS|  |TAMS 0x00000000b5600000| PB 0x00000000b5600000| Complete 
| 855|0x00000000b5700000, 0x00000000b5800000, 0x00000000b5800000|100%|HC|  |TAMS 0x00000000b5700000| PB 0x00000000b5700000| Complete 
| 856|0x00000000b5800000, 0x00000000b5900000, 0x00000000b5900000|100%|HS|  |TAMS 0x00000000b5800000| PB 0x00000000b5800000| Complete 
| 857|0x00000000b5900000, 0x00000000b5a00000, 0x00000000b5a00000|100%|HC|  |TAMS 0x00000000b5900000| PB 0x00000000b5900000| Complete 
| 858|0x00000000b5a00000, 0x00000000b5b00000, 0x00000000b5b00000|100%|HS|  |TAMS 0x00000000b5a00000| PB 0x00000000b5a00000| Complete 
| 859|0x00000000b5b00000, 0x00000000b5c00000, 0x00000000b5c00000|100%|HC|  |TAMS 0x00000000b5b00000| PB 0x00000000b5b00000| Complete 
| 860|0x00000000b5c00000, 0x00000000b5d00000, 0x00000000b5d00000|100%|HS|  |TAMS 0x00000000b5c00000| PB 0x00000000b5c00000| Complete 
| 861|0x00000000b5d00000, 0x00000000b5e00000, 0x00000000b5e00000|100%|HC|  |TAMS 0x00000000b5d00000| PB 0x00000000b5d00000| Complete 
| 862|0x00000000b5e00000, 0x00000000b5f00000, 0x00000000b5f00000|100%|HS|  |TAMS 0x00000000b5e00000| PB 0x00000000b5e00000| Complete 
| 863|0x00000000b5f00000, 0x00000000b6000000, 0x00000000b6000000|100%|HC|  |TAMS 0x00000000b5f00000| PB 0x00000000b5f00000| Complete 
| 864|0x00000000b6000000, 0x00000000b6100000, 0x00000000b6100000|100%|HS|  |TAMS 0x00000000b6000000| PB 0x00000000b6000000| Complete 
| 865|0x00000000b6100000, 0x00000000b6200000, 0x00000000b6200000|100%|HC|  |TAMS 0x00000000b6100000| PB 0x00000000b6100000| Complete 
| 866|0x00000000b6200000, 0x00000000b6300000, 0x00000000b6300000|100%|HS|  |TAMS 0x00000000b6200000| PB 0x00000000b6200000| Complete 
| 867|0x00000000b6300000, 0x00000000b6400000, 0x00000000b6400000|100%|HC|  |TAMS 0x00000000b6300000| PB 0x00000000b6300000| Complete 
|1994|0x00000000fca00000, 0x00000000fcb00000, 0x00000000fcb00000|100%| O|  |TAMS 0x00000000fca00000| PB 0x00000000fca00000| Untracked 
|1995|0x00000000fcb00000, 0x00000000fcc00000, 0x00000000fcc00000|100%| E|CS|TAMS 0x00000000fcb00000| PB 0x00000000fcb00000| Complete 
|1996|0x00000000fcc00000, 0x00000000fcd00000, 0x00000000fcd00000|100%| E|CS|TAMS 0x00000000fcc00000| PB 0x00000000fcc00000| Complete 
|1997|0x00000000fcd00000, 0x00000000fce00000, 0x00000000fce00000|100%| E|CS|TAMS 0x00000000fcd00000| PB 0x00000000fcd00000| Complete 
|1998|0x00000000fce00000, 0x00000000fcf00000, 0x00000000fcf00000|100%| E|CS|TAMS 0x00000000fce00000| PB 0x00000000fce00000| Complete 
|1999|0x00000000fcf00000, 0x00000000fd000000, 0x00000000fd000000|100%| E|CS|TAMS 0x00000000fcf00000| PB 0x00000000fcf00000| Complete 
|2000|0x00000000fd000000, 0x00000000fd100000, 0x00000000fd100000|100%| E|CS|TAMS 0x00000000fd000000| PB 0x00000000fd000000| Complete 
|2001|0x00000000fd100000, 0x00000000fd200000, 0x00000000fd200000|100%| E|CS|TAMS 0x00000000fd100000| PB 0x00000000fd100000| Complete 
|2002|0x00000000fd200000, 0x00000000fd300000, 0x00000000fd300000|100%| E|CS|TAMS 0x00000000fd200000| PB 0x00000000fd200000| Complete 
|2003|0x00000000fd300000, 0x00000000fd400000, 0x00000000fd400000|100%| E|CS|TAMS 0x00000000fd300000| PB 0x00000000fd300000| Complete 
|2004|0x00000000fd400000, 0x00000000fd500000, 0x00000000fd500000|100%| E|CS|TAMS 0x00000000fd400000| PB 0x00000000fd400000| Complete 
|2005|0x00000000fd500000, 0x00000000fd600000, 0x00000000fd600000|100%| E|CS|TAMS 0x00000000fd500000| PB 0x00000000fd500000| Complete 
|2006|0x00000000fd600000, 0x00000000fd700000, 0x00000000fd700000|100%| E|CS|TAMS 0x00000000fd600000| PB 0x00000000fd600000| Complete 
|2007|0x00000000fd700000, 0x00000000fd800000, 0x00000000fd800000|100%| E|CS|TAMS 0x00000000fd700000| PB 0x00000000fd700000| Complete 
|2008|0x00000000fd800000, 0x00000000fd900000, 0x00000000fd900000|100%| E|CS|TAMS 0x00000000fd800000| PB 0x00000000fd800000| Complete 
|2009|0x00000000fd900000, 0x00000000fda00000, 0x00000000fda00000|100%| E|CS|TAMS 0x00000000fd900000| PB 0x00000000fd900000| Complete 
|2010|0x00000000fda00000, 0x00000000fdb00000, 0x00000000fdb00000|100%| E|CS|TAMS 0x00000000fda00000| PB 0x00000000fda00000| Complete 
|2011|0x00000000fdb00000, 0x00000000fdc00000, 0x00000000fdc00000|100%| E|CS|TAMS 0x00000000fdb00000| PB 0x00000000fdb00000| Complete 
|2012|0x00000000fdc00000, 0x00000000fdd00000, 0x00000000fdd00000|100%| E|CS|TAMS 0x00000000fdc00000| PB 0x00000000fdc00000| Complete 
|2013|0x00000000fdd00000, 0x00000000fde00000, 0x00000000fde00000|100%| O|Cm|TAMS 0x00000000fdd00000| PB 0x00000000fdd00000| Complete 
|2014|0x00000000fde00000, 0x00000000fdf00000, 0x00000000fdf00000|100%| O|Cm|TAMS 0x00000000fde00000| PB 0x00000000fde00000| Complete 
|2015|0x00000000fdf00000, 0x00000000fe000000, 0x00000000fe000000|100%| O|Cm|TAMS 0x00000000fdf00000| PB 0x00000000fdf00000| Complete 
|2016|0x00000000fe000000, 0x00000000fe100000, 0x00000000fe100000|100%| O|Cm|TAMS 0x00000000fe000000| PB 0x00000000fe000000| Complete 
|2017|0x00000000fe100000, 0x00000000fe200000, 0x00000000fe200000|100%| E|CS|TAMS 0x00000000fe100000| PB 0x00000000fe100000| Complete 
|2018|0x00000000fe200000, 0x00000000fe300000, 0x00000000fe300000|100%| E|CS|TAMS 0x00000000fe200000| PB 0x00000000fe200000| Complete 
|2019|0x00000000fe300000, 0x00000000fe400000, 0x00000000fe400000|100%| E|CS|TAMS 0x00000000fe300000| PB 0x00000000fe300000| Complete 
|2020|0x00000000fe400000, 0x00000000fe500000, 0x00000000fe500000|100%| O|Cm|TAMS 0x00000000fe400000| PB 0x00000000fe400000| Complete 
|2021|0x00000000fe500000, 0x00000000fe600000, 0x00000000fe600000|100%| O|  |TAMS 0x00000000fe500000| PB 0x00000000fe500000| Untracked 
|2022|0x00000000fe600000, 0x00000000fe700000, 0x00000000fe700000|100%| O|  |TAMS 0x00000000fe600000| PB 0x00000000fe600000| Untracked 
|2023|0x00000000fe700000, 0x00000000fe800000, 0x00000000fe800000|100%| O|  |TAMS 0x00000000fe700000| PB 0x00000000fe700000| Untracked 
|2024|0x00000000fe800000, 0x00000000fe900000, 0x00000000fe900000|100%| O|  |TAMS 0x00000000fe800000| PB 0x00000000fe800000| Untracked 
|2025|0x00000000fe900000, 0x00000000fea00000, 0x00000000fea00000|100%| O|  |TAMS 0x00000000fe900000| PB 0x00000000fe900000| Untracked 
|2026|0x00000000fea00000, 0x00000000feb00000, 0x00000000feb00000|100%| O|  |TAMS 0x00000000fea00000| PB 0x00000000fea00000| Untracked 
|2027|0x00000000feb00000, 0x00000000fec00000, 0x00000000fec00000|100%| O|  |TAMS 0x00000000feb00000| PB 0x00000000feb00000| Untracked 
|2028|0x00000000fec00000, 0x00000000fed00000, 0x00000000fed00000|100%| O|  |TAMS 0x00000000fec00000| PB 0x00000000fec00000| Untracked 
|2029|0x00000000fed00000, 0x00000000fee00000, 0x00000000fee00000|100%| E|CS|TAMS 0x00000000fed00000| PB 0x00000000fed00000| Complete 
|2030|0x00000000fee00000, 0x00000000fef00000, 0x00000000fef00000|100%| E|CS|TAMS 0x00000000fee00000| PB 0x00000000fee00000| Complete 
|2031|0x00000000fef00000, 0x00000000ff000000, 0x00000000ff000000|100%| E|CS|TAMS 0x00000000fef00000| PB 0x00000000fef00000| Complete 
|2032|0x00000000ff000000, 0x00000000ff100000, 0x00000000ff100000|100%| E|CS|TAMS 0x00000000ff000000| PB 0x00000000ff000000| Complete 
|2033|0x00000000ff100000, 0x00000000ff200000, 0x00000000ff200000|100%| E|CS|TAMS 0x00000000ff100000| PB 0x00000000ff100000| Complete 
|2034|0x00000000ff200000, 0x00000000ff300000, 0x00000000ff300000|100%| E|CS|TAMS 0x00000000ff200000| PB 0x00000000ff200000| Complete 
|2035|0x00000000ff300000, 0x00000000ff400000, 0x00000000ff400000|100%| E|CS|TAMS 0x00000000ff300000| PB 0x00000000ff300000| Complete 
|2036|0x00000000ff400000, 0x00000000ff500000, 0x00000000ff500000|100%| E|CS|TAMS 0x00000000ff400000| PB 0x00000000ff400000| Complete 
|2037|0x00000000ff500000, 0x00000000ff600000, 0x00000000ff600000|100%| E|CS|TAMS 0x00000000ff500000| PB 0x00000000ff500000| Complete 
|2038|0x00000000ff600000, 0x00000000ff700000, 0x00000000ff700000|100%| O|  |TAMS 0x00000000ff600000| PB 0x00000000ff600000| Untracked 
|2039|0x00000000ff700000, 0x00000000ff800000, 0x00000000ff800000|100%| E|CS|TAMS 0x00000000ff700000| PB 0x00000000ff700000| Complete 
|2040|0x00000000ff800000, 0x00000000ff900000, 0x00000000ff900000|100%| O|  |TAMS 0x00000000ff800000| PB 0x00000000ff800000| Untracked 
|2041|0x00000000ff900000, 0x00000000ffa00000, 0x00000000ffa00000|100%| O|  |TAMS 0x00000000ff900000| PB 0x00000000ff900000| Untracked 
|2042|0x00000000ffa00000, 0x00000000ffb00000, 0x00000000ffb00000|100%| O|  |TAMS 0x00000000ffa00000| PB 0x00000000ffa00000| Untracked 
|2043|0x00000000ffb00000, 0x00000000ffc00000, 0x00000000ffc00000|100%| O|  |TAMS 0x00000000ffb00000| PB 0x00000000ffb00000| Untracked 
|2044|0x00000000ffc00000, 0x00000000ffd00000, 0x00000000ffd00000|100%| O|  |TAMS 0x00000000ffc00000| PB 0x00000000ffc00000| Untracked 
|2045|0x00000000ffd00000, 0x00000000ffe00000, 0x00000000ffe00000|100%| O|  |TAMS 0x00000000ffd00000| PB 0x00000000ffd00000| Untracked 
|2046|0x00000000ffe00000, 0x00000000fff00000, 0x00000000fff00000|100%| O|  |TAMS 0x00000000ffe00000| PB 0x00000000ffe00000| Untracked 
|2047|0x00000000fff00000, 0x0000000100000000, 0x0000000100000000|100%| O|  |TAMS 0x00000000fff00000| PB 0x00000000fff00000| Untracked 

Card table byte_map: [0x000001f31a150000,0x000001f31a550000] _byte_map_base: 0x000001f319d50000

Marking Bits: (CMBitMap*) 0x000001f307925ac0
 Bits: [0x000001f31a550000, 0x000001f31c550000)

Polling page: 0x000001f3057d0000

Metaspace:

Usage:
  Non-class:    154.68 MB used.
      Class:     22.69 MB used.
       Both:    177.38 MB used.

Virtual space:
  Non-class space:      192.00 MB reserved,     155.75 MB ( 81%) committed,  3 nodes.
      Class space:        1.00 GB reserved,      24.00 MB (  2%) committed,  1 nodes.
             Both:        1.19 GB reserved,     179.75 MB ( 15%) committed. 

Chunk freelists:
   Non-Class:  4.18 MB
       Class:  8.28 MB
        Both:  12.46 MB

MaxMetaspaceSize: unlimited
CompressedClassSpaceSize: 1.00 GB
Initial GC threshold: 21.00 MB
Current GC threshold: 297.94 MB
CDS: off
 - commit_granule_bytes: 65536.
 - commit_granule_words: 8192.
 - virtual_space_node_default_size: 8388608.
 - enlarge_chunks_in_place: 1.
 - use_allocation_guard: 0.


Internal statistics:

num_allocs_failed_limit: 12.
num_arena_births: 4754.
num_arena_deaths: 972.
num_vsnodes_births: 4.
num_vsnodes_deaths: 0.
num_space_committed: 2872.
num_space_uncommitted: 0.
num_chunks_returned_to_freelist: 1105.
num_chunks_taken_from_freelist: 12412.
num_chunk_merges: 372.
num_chunk_splits: 8141.
num_chunks_enlarged: 5463.
num_inconsistent_stats: 0.

CodeHeap 'non-profiled nmethods': size=120000Kb used=20268Kb max_used=20268Kb free=99731Kb
 bounds [0x000001f3124f0000, 0x000001f3138c0000, 0x000001f319a20000]
CodeHeap 'profiled nmethods': size=120000Kb used=48774Kb max_used=48774Kb free=71225Kb
 bounds [0x000001f30aa20000, 0x000001f30dae0000, 0x000001f311f50000]
CodeHeap 'non-nmethods': size=5760Kb used=3062Kb max_used=3133Kb free=2697Kb
 bounds [0x000001f311f50000, 0x000001f312280000, 0x000001f3124f0000]
 total_blobs=23073 nmethods=21944 adapters=1030
 compilation: enabled
              stopped_count=0, restarted_count=0
 full_count=0

Compilation events (20 events):
Event: 1693.595 Thread 0x000001f31f15c660 36520       4       java.lang.invoke.BoundMethodHandle$Species_LL::make (12 bytes)
Event: 1693.604 Thread 0x000001f31f15d8a0 36521       3       java.util.Properties::saveConvert (383 bytes)
Event: 1693.605 Thread 0x000001f31f15c660 nmethod 36520 0x000001f3138b8110 code [0x000001f3138b82e0, 0x000001f3138b88d8]
Event: 1693.607 Thread 0x000001f31f15d8a0 nmethod 36521 0x000001f30ca7cb90 code [0x000001f30ca7d000, 0x000001f30ca7ebb8]
Event: 1693.612 Thread 0x000001f31f15c660 36522       4       java.util.zip.Deflater::ensureOpen (47 bytes)
Event: 1693.614 Thread 0x000001f31f15c660 nmethod 36522 0x000001f3138b8c10 code [0x000001f3138b8da0, 0x000001f3138b8e70]
Event: 1693.644 Thread 0x000001f31f15c660 36523   !   4       java.util.zip.Deflater::deflate (420 bytes)
Event: 1693.649 Thread 0x000001f31f15c660 nmethod 36523 0x000001f3138b8f10 code [0x000001f3138b90c0, 0x000001f3138b96a8]
Event: 1693.769 Thread 0x000001f31f15d8a0 36524       3       java.util.zip.DeflaterOutputStream::deflate (36 bytes)
Event: 1693.769 Thread 0x000001f31f15d8a0 nmethod 36524 0x000001f30b8bdb90 code [0x000001f30b8bdd60, 0x000001f30b8bdfe0]
Event: 1696.399 Thread 0x000001f31f15d8a0 36525       3       sun.nio.ch.SocketDispatcher::read (8 bytes)
Event: 1696.399 Thread 0x000001f31f15d8a0 nmethod 36525 0x000001f30c5a4690 code [0x000001f30c5a4840, 0x000001f30c5a4980]
Event: 1696.474 Thread 0x000001f31f15c660 36527       4       java.util.zip.DeflaterOutputStream::deflate (36 bytes)
Event: 1696.481 Thread 0x000001f31f15c660 nmethod 36527 0x000001f3138b9f10 code [0x000001f3138ba100, 0x000001f3138ba830]
Event: 1696.872 Thread 0x000001f31f15d8a0 36528       1       java.net.URL::getPort (5 bytes)
Event: 1696.873 Thread 0x000001f31f15d8a0 nmethod 36528 0x000001f3138bac10 code [0x000001f3138bada0, 0x000001f3138bae68]
Event: 1697.220 Thread 0x000001f31f15d8a0 36529       3       java.net.URLStreamHandler::parseURL (1124 bytes)
Event: 1697.259 Thread 0x000001f31f15d8a0 nmethod 36529 0x000001f30dacb010 code [0x000001f30dacc3c0, 0x000001f30dad88f0]
Event: 1698.020 Thread 0x000001f31f15d8a0 36530       1       com.android.apksig.internal.apk.ApkSigningBlockUtils$ChunkDigests::access$1000 (5 bytes)
Event: 1698.020 Thread 0x000001f31f15d8a0 nmethod 36530 0x000001f3138baf10 code [0x000001f3138bb0a0, 0x000001f3138bb150]

GC Heap History (20 events):
Event: 1537.882 GC heap before
{Heap before GC invocations=75 (full 0):
 garbage-first heap   total 823296K, used 353056K [0x0000000080000000, 0x0000000100000000)
  region size 1024K, 15 young (15360K), 11 survivors (11264K)
 Metaspace       used 155790K, committed 158080K, reserved 1245184K
  class space    used 20309K, committed 21440K, reserved 1048576K
}
Event: 1537.926 GC heap after
{Heap after GC invocations=76 (full 0):
 garbage-first heap   total 823296K, used 351756K [0x0000000080000000, 0x0000000100000000)
  region size 1024K, 2 young (2048K), 2 survivors (2048K)
 Metaspace       used 155790K, committed 158080K, reserved 1245184K
  class space    used 20309K, committed 21440K, reserved 1048576K
}
Event: 1542.689 GC heap before
{Heap before GC invocations=77 (full 0):
 garbage-first heap   total 823296K, used 456204K [0x0000000080000000, 0x0000000100000000)
  region size 1024K, 109 young (111616K), 2 survivors (2048K)
 Metaspace       used 156238K, committed 158528K, reserved 1245184K
  class space    used 20351K, committed 21504K, reserved 1048576K
}
Event: 1542.721 GC heap after
{Heap after GC invocations=78 (full 0):
 garbage-first heap   total 823296K, used 348336K [0x0000000080000000, 0x0000000100000000)
  region size 1024K, 5 young (5120K), 5 survivors (5120K)
 Metaspace       used 156238K, committed 158528K, reserved 1245184K
  class space    used 20351K, committed 21504K, reserved 1048576K
}
Event: 1544.167 GC heap before
{Heap before GC invocations=78 (full 0):
 garbage-first heap   total 823296K, used 508080K [0x0000000080000000, 0x0000000100000000)
  region size 1024K, 156 young (159744K), 5 survivors (5120K)
 Metaspace       used 156241K, committed 158528K, reserved 1245184K
  class space    used 20351K, committed 21504K, reserved 1048576K
}
Event: 1544.199 GC heap after
{Heap after GC invocations=79 (full 0):
 garbage-first heap   total 823296K, used 351220K [0x0000000080000000, 0x0000000100000000)
  region size 1024K, 7 young (7168K), 7 survivors (7168K)
 Metaspace       used 156241K, committed 158528K, reserved 1245184K
  class space    used 20351K, committed 21504K, reserved 1048576K
}
Event: 1550.718 GC heap before
{Heap before GC invocations=79 (full 0):
 garbage-first heap   total 823296K, used 576500K [0x0000000080000000, 0x0000000100000000)
  region size 1024K, 191 young (195584K), 7 survivors (7168K)
 Metaspace       used 160021K, committed 162368K, reserved 1245184K
  class space    used 20826K, committed 22016K, reserved 1048576K
}
Event: 1550.776 GC heap after
{Heap after GC invocations=80 (full 0):
 garbage-first heap   total 823296K, used 396977K [0x0000000080000000, 0x0000000100000000)
  region size 1024K, 24 young (24576K), 24 survivors (24576K)
 Metaspace       used 160021K, committed 162368K, reserved 1245184K
  class space    used 20826K, committed 22016K, reserved 1048576K
}
Event: 1634.335 GC heap before
{Heap before GC invocations=80 (full 0):
 garbage-first heap   total 823296K, used 618161K [0x0000000080000000, 0x0000000100000000)
  region size 1024K, 226 young (231424K), 24 survivors (24576K)
 Metaspace       used 161393K, committed 163776K, reserved 1245184K
  class space    used 21028K, committed 22208K, reserved 1048576K
}
Event: 1634.804 GC heap after
{Heap after GC invocations=81 (full 0):
 garbage-first heap   total 823296K, used 380526K [0x0000000080000000, 0x0000000100000000)
  region size 1024K, 7 young (7168K), 7 survivors (7168K)
 Metaspace       used 161393K, committed 163776K, reserved 1245184K
  class space    used 21028K, committed 22208K, reserved 1048576K
}
Event: 1651.008 GC heap before
{Heap before GC invocations=81 (full 0):
 garbage-first heap   total 823296K, used 567918K [0x0000000080000000, 0x0000000100000000)
  region size 1024K, 189 young (193536K), 7 survivors (7168K)
 Metaspace       used 170038K, committed 172352K, reserved 1245184K
  class space    used 22084K, committed 23232K, reserved 1048576K
}
Event: 1651.086 GC heap after
{Heap after GC invocations=82 (full 0):
 garbage-first heap   total 823296K, used 392661K [0x0000000080000000, 0x0000000100000000)
  region size 1024K, 20 young (20480K), 20 survivors (20480K)
 Metaspace       used 170038K, committed 172352K, reserved 1245184K
  class space    used 22084K, committed 23232K, reserved 1048576K
}
Event: 1659.418 GC heap before
{Heap before GC invocations=82 (full 0):
 garbage-first heap   total 823296K, used 576981K [0x0000000080000000, 0x0000000100000000)
  region size 1024K, 197 young (201728K), 20 survivors (20480K)
 Metaspace       used 177374K, committed 179712K, reserved 1245184K
  class space    used 22994K, committed 24192K, reserved 1048576K
}
Event: 1659.649 GC heap after
{Heap after GC invocations=83 (full 0):
 garbage-first heap   total 823296K, used 401709K [0x0000000080000000, 0x0000000100000000)
  region size 1024K, 23 young (23552K), 23 survivors (23552K)
 Metaspace       used 177374K, committed 179712K, reserved 1245184K
  class space    used 22994K, committed 24192K, reserved 1048576K
}
Event: 1661.921 GC heap before
{Heap before GC invocations=83 (full 0):
 garbage-first heap   total 823296K, used 519469K [0x0000000080000000, 0x0000000100000000)
  region size 1024K, 139 young (142336K), 23 survivors (23552K)
 Metaspace       used 180024K, committed 182464K, reserved 1245184K
  class space    used 23228K, committed 24448K, reserved 1048576K
}
Event: 1662.046 GC heap after
{Heap after GC invocations=84 (full 0):
 garbage-first heap   total 823296K, used 410080K [0x0000000080000000, 0x0000000100000000)
  region size 1024K, 13 young (13312K), 13 survivors (13312K)
 Metaspace       used 180024K, committed 182464K, reserved 1245184K
  class space    used 23228K, committed 24448K, reserved 1048576K
}
Event: 1662.765 GC heap before
{Heap before GC invocations=84 (full 0):
 garbage-first heap   total 823296K, used 523744K [0x0000000080000000, 0x0000000100000000)
  region size 1024K, 126 young (129024K), 13 survivors (13312K)
 Metaspace       used 180294K, committed 182720K, reserved 1245184K
  class space    used 23255K, committed 24512K, reserved 1048576K
}
Event: 1662.832 GC heap after
{Heap after GC invocations=85 (full 0):
 garbage-first heap   total 823296K, used 412980K [0x0000000080000000, 0x0000000100000000)
  region size 1024K, 16 young (16384K), 16 survivors (16384K)
 Metaspace       used 180294K, committed 182720K, reserved 1245184K
  class space    used 23255K, committed 24512K, reserved 1048576K
}
Event: 1668.027 GC heap before
{Heap before GC invocations=86 (full 0):
 garbage-first heap   total 823296K, used 601396K [0x0000000080000000, 0x0000000100000000)
  region size 1024K, 309 young (316416K), 16 survivors (16384K)
 Metaspace       used 179749K, committed 183104K, reserved 1245184K
  class space    used 23018K, committed 24512K, reserved 1048576K
}
Event: 1668.209 GC heap after
{Heap after GC invocations=87 (full 0):
 garbage-first heap   total 823296K, used 302715K [0x0000000080000000, 0x0000000100000000)
  region size 1024K, 16 young (16384K), 16 survivors (16384K)
 Metaspace       used 179749K, committed 183104K, reserved 1245184K
  class space    used 23018K, committed 24512K, reserved 1048576K
}

Dll operation events (3 events):
Event: 0.073 Loaded shared library C:\Program Files\Android\Android Studio2\jbr\bin\java.dll
Event: 0.212 Loaded shared library C:\Program Files\Android\Android Studio2\jbr\bin\zip.dll
Event: 2.765 Loaded shared library C:\Program Files\Android\Android Studio2\jbr\bin\verify.dll

Deoptimization events (20 events):
Event: 1691.608 Thread 0x000001f3287f9ef0 Uncommon trap: trap_request=0xffffffc6 fr.pc=0x000001f31386a044 relative=0x0000000000000244
Event: 1691.608 Thread 0x000001f3287f9ef0 Uncommon trap: reason=bimorphic_or_optimized_type_check action=maybe_recompile pc=0x000001f31386a044 method=com.google.common.collect.TransformedIterator.next()Ljava/lang/Object; @ 10 c2
Event: 1691.608 Thread 0x000001f3287f9ef0 DEOPT PACKING pc=0x000001f31386a044 sp=0x00000052649fdca0
Event: 1691.608 Thread 0x000001f3287f9ef0 DEOPT UNPACKING pc=0x000001f311fa46a2 sp=0x00000052649fdc48 mode 2
Event: 1691.609 Thread 0x000001f339469b60 Uncommon trap: trap_request=0xffffffc6 fr.pc=0x000001f31262eed8 relative=0x0000000000000178
Event: 1691.609 Thread 0x000001f339469b60 Uncommon trap: reason=bimorphic_or_optimized_type_check action=maybe_recompile pc=0x000001f31262eed8 method=java.util.concurrent.ForkJoinTask$AdaptedInterruptibleCallable.compute()Ljava/lang/Object; @ 4 c2
Event: 1691.609 Thread 0x000001f339469b60 DEOPT PACKING pc=0x000001f31262eed8 sp=0x0000005264dfece0
Event: 1691.609 Thread 0x000001f339469b60 DEOPT UNPACKING pc=0x000001f311fa46a2 sp=0x0000005264dfec80 mode 2
Event: 1691.611 Thread 0x000001f33768aa70 Uncommon trap: trap_request=0xffffffc6 fr.pc=0x000001f31262eed8 relative=0x0000000000000178
Event: 1691.611 Thread 0x000001f33768aa70 Uncommon trap: reason=bimorphic_or_optimized_type_check action=maybe_recompile pc=0x000001f31262eed8 method=java.util.concurrent.ForkJoinTask$AdaptedInterruptibleCallable.compute()Ljava/lang/Object; @ 4 c2
Event: 1691.611 Thread 0x000001f33768aa70 DEOPT PACKING pc=0x000001f31262eed8 sp=0x0000005264eff0e0
Event: 1691.611 Thread 0x000001f33768aa70 DEOPT UNPACKING pc=0x000001f311fa46a2 sp=0x0000005264eff080 mode 2
Event: 1691.651 Thread 0x000001f3287f9ef0 DEOPT PACKING pc=0x000001f30dac83b0 sp=0x00000052649fd660
Event: 1691.651 Thread 0x000001f3287f9ef0 DEOPT UNPACKING pc=0x000001f311fa4e42 sp=0x00000052649fcc10 mode 0
Event: 1691.700 Thread 0x000001f3287f9ef0 DEOPT PACKING pc=0x000001f30d870627 sp=0x00000052649fdc10
Event: 1691.700 Thread 0x000001f3287f9ef0 DEOPT UNPACKING pc=0x000001f311fa4e42 sp=0x00000052649fd0a8 mode 0
Event: 1693.762 Thread 0x000001f3255a8c10 Uncommon trap: trap_request=0xffffff45 fr.pc=0x000001f3138b72cc relative=0x00000000000004cc
Event: 1693.762 Thread 0x000001f3255a8c10 Uncommon trap: reason=unstable_if action=reinterpret pc=0x000001f3138b72cc method=java.util.zip.DeflaterOutputStream.deflate()V @ 19 c2
Event: 1693.762 Thread 0x000001f3255a8c10 DEOPT PACKING pc=0x000001f3138b72cc sp=0x00000052653fea20
Event: 1693.762 Thread 0x000001f3255a8c10 DEOPT UNPACKING pc=0x000001f311fa46a2 sp=0x00000052653fe9f0 mode 2

Classes loaded (20 events):
Event: 1691.304 Loading class java/security/KeyStore$Entry$Attribute done
Event: 1691.304 Loading class java/security/PKCS12Attribute done
Event: 1691.539 Loading class java/security/SignatureException
Event: 1691.540 Loading class java/security/SignatureException done
Event: 1691.572 Loading class java/security/cert/CertificateEncodingException
Event: 1691.572 Loading class java/security/cert/CertificateEncodingException done
Event: 1696.419 Loading class java/rmi/server/Unreferenced
Event: 1696.435 Loading class java/rmi/server/Unreferenced done
Event: 1696.885 Loading class java/nio/BufferOverflowException
Event: 1696.891 Loading class java/nio/BufferOverflowException done
Event: 1697.005 Loading class java/security/DigestException
Event: 1697.007 Loading class java/security/DigestException done
Event: 1697.008 Loading class java/security/InvalidAlgorithmParameterException
Event: 1697.009 Loading class java/security/InvalidAlgorithmParameterException done
Event: 1697.064 Loading class java/security/spec/InvalidKeySpecException
Event: 1697.068 Loading class java/security/spec/InvalidKeySpecException done
Event: 1697.174 Loading class java/security/spec/MGF1ParameterSpec
Event: 1697.177 Loading class java/security/spec/MGF1ParameterSpec done
Event: 1697.337 Loading class java/util/concurrent/ForkJoinTask$AdaptedInterruptibleRunnable
Event: 1697.349 Loading class java/util/concurrent/ForkJoinTask$AdaptedInterruptibleRunnable done

Classes unloaded (20 events):
Event: 1664.093 Thread 0x000001f31efa9600 Unloading class 0x00000001001c3800 'java/lang/invoke/LambdaForm$MH+0x00000001001c3800'
Event: 1664.093 Thread 0x000001f31efa9600 Unloading class 0x00000001001c3000 'java/lang/invoke/LambdaForm$MH+0x00000001001c3000'
Event: 1664.093 Thread 0x000001f31efa9600 Unloading class 0x00000001001c2c00 'java/lang/invoke/LambdaForm$MH+0x00000001001c2c00'
Event: 1664.093 Thread 0x000001f31efa9600 Unloading class 0x00000001001c2800 'java/lang/invoke/LambdaForm$MH+0x00000001001c2800'
Event: 1664.093 Thread 0x000001f31efa9600 Unloading class 0x00000001001c2400 'java/lang/invoke/LambdaForm$MH+0x00000001001c2400'
Event: 1664.093 Thread 0x000001f31efa9600 Unloading class 0x00000001001c2000 'java/lang/invoke/LambdaForm$MH+0x00000001001c2000'
Event: 1664.093 Thread 0x000001f31efa9600 Unloading class 0x00000001001c1c00 'java/lang/invoke/LambdaForm$MH+0x00000001001c1c00'
Event: 1664.093 Thread 0x000001f31efa9600 Unloading class 0x00000001001c1800 'java/lang/invoke/LambdaForm$MH+0x00000001001c1800'
Event: 1664.093 Thread 0x000001f31efa9600 Unloading class 0x00000001001b1000 'java/lang/invoke/LambdaForm$MH+0x00000001001b1000'
Event: 1664.093 Thread 0x000001f31efa9600 Unloading class 0x00000001001b0800 'java/lang/invoke/LambdaForm$MH+0x00000001001b0800'
Event: 1664.093 Thread 0x000001f31efa9600 Unloading class 0x00000001001ad000 'java/lang/invoke/LambdaForm$MH+0x00000001001ad000'
Event: 1664.093 Thread 0x000001f31efa9600 Unloading class 0x00000001001acc00 'java/lang/invoke/LambdaForm$MH+0x00000001001acc00'
Event: 1664.093 Thread 0x000001f31efa9600 Unloading class 0x00000001001a4800 'java/lang/invoke/LambdaForm$MH+0x00000001001a4800'
Event: 1664.093 Thread 0x000001f31efa9600 Unloading class 0x00000001001a4400 'java/lang/invoke/LambdaForm$MH+0x00000001001a4400'
Event: 1664.093 Thread 0x000001f31efa9600 Unloading class 0x00000001001a4000 'java/lang/invoke/LambdaForm$BMH+0x00000001001a4000'
Event: 1664.094 Thread 0x000001f31efa9600 Unloading class 0x00000001000ee400 'java/lang/invoke/LambdaForm$MH+0x00000001000ee400'
Event: 1664.095 Thread 0x000001f31efa9600 Unloading class 0x00000001000ee000 'java/lang/invoke/LambdaForm$MH+0x00000001000ee000'
Event: 1664.095 Thread 0x000001f31efa9600 Unloading class 0x00000001000c1c00 'java/lang/invoke/LambdaForm$MH+0x00000001000c1c00'
Event: 1664.095 Thread 0x000001f31efa9600 Unloading class 0x00000001000c1800 'java/lang/invoke/LambdaForm$MH+0x00000001000c1800'
Event: 1664.095 Thread 0x000001f31efa9600 Unloading class 0x00000001000c1400 'java/lang/invoke/LambdaForm$MH+0x00000001000c1400'

Classes redefined (0 events):
No events

Internal exceptions (20 events):
Event: 1674.097 Thread 0x000001f32a381890 Exception <a 'sun/nio/fs/WindowsException'{0x00000000a97928a8}> (0x00000000a97928a8) 
thrown [s\src\hotspot\share\prims\jni.cpp, line 535]
Event: 1674.186 Thread 0x000001f3287f9ef0 Exception <a 'sun/nio/fs/WindowsException'{0x00000000a903c6b0}> (0x00000000a903c6b0) 
thrown [s\src\hotspot\share\prims\jni.cpp, line 535]
Event: 1674.227 Thread 0x000001f329573ed0 Exception <a 'sun/nio/fs/WindowsException'{0x00000000a959e750}> (0x00000000a959e750) 
thrown [s\src\hotspot\share\prims\jni.cpp, line 535]
Event: 1674.227 Thread 0x000001f329573ed0 Exception <a 'sun/nio/fs/WindowsException'{0x00000000a959e8e0}> (0x00000000a959e8e0) 
thrown [s\src\hotspot\share\prims\jni.cpp, line 535]
Event: 1674.231 Thread 0x000001f325ac6040 Exception <a 'sun/nio/fs/WindowsException'{0x00000000a8ee46c8}> (0x00000000a8ee46c8) 
thrown [s\src\hotspot\share\prims\jni.cpp, line 535]
Event: 1674.280 Thread 0x000001f32a381890 Exception <a 'sun/nio/fs/WindowsException'{0x00000000a8bcc6e0}> (0x00000000a8bcc6e0) 
thrown [s\src\hotspot\share\prims\jni.cpp, line 535]
Event: 1674.422 Thread 0x000001f32fba6080 Exception <a 'sun/nio/fs/WindowsException'{0x00000000a817ea78}> (0x00000000a817ea78) 
thrown [s\src\hotspot\share\prims\jni.cpp, line 535]
Event: 1674.638 Thread 0x000001f329573ed0 Exception <a 'java/lang/NoSuchMethodError'{0x00000000a7c9b260}: 'long java.lang.invoke.DirectMethodHandle$Holder.invokeStatic(java.lang.Object, java.lang.Object, int)'> (0x00000000a7c9b260) 
thrown [s\src\hotspot\share\interpreter\linkResolver.cpp, line 784]
Event: 1674.643 Thread 0x000001f329573ed0 Exception <a 'java/lang/NoSuchMethodError'{0x00000000a7a5bec8}: 'java.lang.Object java.lang.invoke.DelegatingMethodHandle$Holder.reinvoke_L(java.lang.Object, int, long, java.lang.Object, java.lang.Object, int, java.lang.Object)'> (0x00000000a7a5bec8) 
thrown [s\src\hotspot\share\interpreter\linkResolver.cpp, line 784]
Event: 1676.406 Thread 0x000001f3287fc650 Exception <a 'sun/nio/fs/WindowsException'{0x00000000a6afd920}> (0x00000000a6afd920) 
thrown [s\src\hotspot\share\prims\jni.cpp, line 535]
Event: 1690.457 Thread 0x000001f32a10c040 Exception <a 'sun/nio/fs/WindowsException'{0x00000000a5729f80}> (0x00000000a5729f80) 
thrown [s\src\hotspot\share\prims\jni.cpp, line 535]
Event: 1690.457 Thread 0x000001f32a10c040 Exception <a 'sun/nio/fs/WindowsException'{0x00000000a572ade0}> (0x00000000a572ade0) 
thrown [s\src\hotspot\share\prims\jni.cpp, line 535]
Event: 1690.457 Thread 0x000001f32a10c040 Exception <a 'sun/nio/fs/WindowsException'{0x00000000a572aee0}> (0x00000000a572aee0) 
thrown [s\src\hotspot\share\prims\jni.cpp, line 535]
Event: 1690.955 Thread 0x000001f3287f9ef0 Exception <a 'sun/nio/fs/WindowsException'{0x00000000a4d4b1c8}> (0x00000000a4d4b1c8) 
thrown [s\src\hotspot\share\prims\jni.cpp, line 535]
Event: 1691.168 Thread 0x000001f3287f9ef0 Exception <a 'java/lang/NoSuchMethodError'{0x00000000a48c3e98}: 'java.lang.Object java.lang.invoke.DirectMethodHandle$Holder.newInvokeSpecial(java.lang.Object, java.lang.Object, java.lang.Object, java.lang.Object, java.lang.Object, int, java.lang.Object)'> (0x00000000a48c3e98) 
thrown [s\src\hotspot\share\interpreter\linkResolver.cpp, line 784]
Event: 1691.171 Thread 0x000001f3287f9ef0 Exception <a 'java/lang/NoSuchMethodError'{0x00000000a48cb7a0}: 'java.lang.Object java.lang.invoke.Invokers$Holder.linkToTargetMethod(java.lang.Object, java.lang.Object, java.lang.Object, java.lang.Object, int, java.lang.Object, java.lang.Object)'> (0x00000000a48cb7a0) 
thrown [s\src\hotspot\share\interpreter\linkResolver.cpp, line 784]
Event: 1691.225 Thread 0x000001f3287f9ef0 Exception <a 'java/lang/NoSuchMethodError'{0x00000000a475dc00}: 'java.lang.Object java.lang.invoke.DirectMethodHandle$Holder.newInvokeSpecial(java.lang.Object, java.lang.Object, java.lang.Object, java.lang.Object, java.lang.Object, java.lang.Object, java.lang.Object, int)'> (0x00000000a475dc00) 
thrown [s\src\hotspot\share\interpreter\linkResolver.cpp, line 784]
Event: 1691.238 Thread 0x000001f3287f9ef0 Exception <a 'java/lang/NoSuchMethodError'{0x00000000a4762358}: 'java.lang.Object java.lang.invoke.DirectMethodHandle$Holder.invokeSpecial(java.lang.Object, java.lang.Object, java.lang.Object, java.lang.Object, java.lang.Object, java.lang.Object, java.lang.Object, java.lang.Object, int)'> (0x00000000a4762358) 
thrown [s\src\hotspot\share\interpreter\linkResolver.cpp, line 784]
Event: 1691.240 Thread 0x000001f3287f9ef0 Exception <a 'java/lang/NoSuchMethodError'{0x00000000a4766568}: 'java.lang.Object java.lang.invoke.Invokers$Holder.linkToTargetMethod(java.lang.Object, java.lang.Object, java.lang.Object, java.lang.Object, java.lang.Object, java.lang.Object, int, java.lang.Object)'> (0x00000000a4766568) 
thrown [s\src\hotspot\share\interpreter\linkResolver.cpp, line 784]
Event: 1691.544 Thread 0x000001f3287f9ef0 Exception <a 'sun/nio/fs/WindowsException'{0x00000000a42c8468}> (0x00000000a42c8468) 
thrown [s\src\hotspot\share\prims\jni.cpp, line 535]

ZGC Phase Switch (0 events):
No events

VM Operations (20 events):
Event: 1688.175 Executing VM operation: Cleanup
Event: 1688.175 Executing VM operation: Cleanup done
Event: 1689.176 Executing VM operation: Cleanup
Event: 1689.201 Executing VM operation: Cleanup done
Event: 1690.691 Executing VM operation: ICBufferFull
Event: 1690.695 Executing VM operation: ICBufferFull done
Event: 1690.887 Executing VM operation: HandshakeAllThreads (Deoptimize)
Event: 1690.917 Executing VM operation: HandshakeAllThreads (Deoptimize) done
Event: 1691.000 Executing VM operation: HandshakeAllThreads (Deoptimize)
Event: 1691.001 Executing VM operation: HandshakeAllThreads (Deoptimize) done
Event: 1691.018 Executing VM operation: HandshakeAllThreads (Deoptimize)
Event: 1691.019 Executing VM operation: HandshakeAllThreads (Deoptimize) done
Event: 1691.187 Executing VM operation: HandshakeAllThreads (Deoptimize)
Event: 1691.188 Executing VM operation: HandshakeAllThreads (Deoptimize) done
Event: 1692.188 Executing VM operation: Cleanup
Event: 1693.378 Executing VM operation: Cleanup done
Event: 1694.378 Executing VM operation: Cleanup
Event: 1696.251 Executing VM operation: Cleanup done
Event: 1697.540 Executing VM operation: HandshakeAllThreads (Deoptimize)
Event: 1697.555 Executing VM operation: HandshakeAllThreads (Deoptimize) done

Events (20 events):
Event: 1665.068 Thread 0x000001f31efa9600 flushing nmethod 0x000001f312516910
Event: 1689.095 Thread 0x000001f32fdb8190 Thread added: 0x000001f32fdb8190
Event: 1689.095 Thread 0x000001f32fdb4b10 Thread added: 0x000001f32fdb4b10
Event: 1689.389 Thread 0x000001f32fdb4b10 Thread exited: 0x000001f32fdb4b10
Event: 1689.389 Thread 0x000001f32fdb8190 Thread exited: 0x000001f32fdb8190
Event: 1689.408 Thread 0x000001f32fdb9600 Thread added: 0x000001f32fdb9600
Event: 1690.173 Thread 0x000001f32fdb9600 Thread exited: 0x000001f32fdb9600
Event: 1690.344 Thread 0x000001f33768d860 Thread added: 0x000001f33768d860
Event: 1690.618 Thread 0x000001f32fdb8190 Thread added: 0x000001f32fdb8190
Event: 1691.063 Thread 0x000001f329da1160 Thread added: 0x000001f329da1160
Event: 1691.508 Thread 0x000001f33768a3e0 Thread added: 0x000001f33768a3e0
Event: 1691.593 Thread 0x000001f339469b60 Thread added: 0x000001f339469b60
Event: 1691.601 Thread 0x000001f33768aa70 Thread added: 0x000001f33768aa70
Event: 1691.611 Thread 0x000001f32a381f20 Thread added: 0x000001f32a381f20
Event: 1691.627 Thread 0x000001f32a382c40 Thread added: 0x000001f32a382c40
Event: 1691.634 Thread 0x000001f33768b100 Thread added: 0x000001f33768b100
Event: 1691.651 Thread 0x000001f33768be20 Thread added: 0x000001f33768be20
Event: 1691.720 Thread 0x000001f3255a8c10 Thread added: 0x000001f3255a8c10
Event: 1691.909 Thread 0x000001f32fdb8190 Thread exited: 0x000001f32fdb8190
Event: 1696.346 Thread 0x000001f329bfe790 Thread added: 0x000001f329bfe790


Dynamic libraries:
0x00007ff777130000 - 0x00007ff77713a000 	C:\Program Files\Android\Android Studio2\jbr\bin\java.exe
0x00007ffd51010000 - 0x00007ffd51208000 	C:\WINDOWS\SYSTEM32\ntdll.dll
0x00007ffd4f8e0000 - 0x00007ffd4f9a2000 	C:\WINDOWS\System32\KERNEL32.DLL
0x00007ffd4e960000 - 0x00007ffd4ec56000 	C:\WINDOWS\System32\KERNELBASE.dll
0x00007ffd4ec60000 - 0x00007ffd4ed60000 	C:\WINDOWS\System32\ucrtbase.dll
0x00007ffd21640000 - 0x00007ffd21658000 	C:\Program Files\Android\Android Studio2\jbr\bin\jli.dll
0x00007ffd50a70000 - 0x00007ffd50c0d000 	C:\WINDOWS\System32\USER32.dll
0x00007ffd4ede0000 - 0x00007ffd4ee02000 	C:\WINDOWS\System32\win32u.dll
0x00007ffd4f2d0000 - 0x00007ffd4f2fb000 	C:\WINDOWS\System32\GDI32.dll
0x00007ffd4ee10000 - 0x00007ffd4ef2a000 	C:\WINDOWS\System32\gdi32full.dll
0x00007ffd4e890000 - 0x00007ffd4e92d000 	C:\WINDOWS\System32\msvcp_win.dll
0x00007ffd40290000 - 0x00007ffd402ab000 	C:\Program Files\Android\Android Studio2\jbr\bin\VCRUNTIME140.dll
0x00007ffd3fff0000 - 0x00007ffd4028a000 	C:\WINDOWS\WinSxS\amd64_microsoft.windows.common-controls_6595b64144ccf1df_6.0.19041.4355_none_60b8b9eb71f62e16\COMCTL32.dll
0x00007ffd50860000 - 0x00007ffd508fe000 	C:\WINDOWS\System32\msvcrt.dll
0x00007ffd50970000 - 0x00007ffd5099f000 	C:\WINDOWS\System32\IMM32.DLL
0x00007ffd4ac30000 - 0x00007ffd4ac3c000 	C:\Program Files\Android\Android Studio2\jbr\bin\vcruntime140_1.dll
0x00007ffd18b20000 - 0x00007ffd18bad000 	C:\Program Files\Android\Android Studio2\jbr\bin\msvcp140.dll
0x00007ffcf79f0000 - 0x00007ffcf866d000 	C:\Program Files\Android\Android Studio2\jbr\bin\server\jvm.dll
0x00007ffd4f560000 - 0x00007ffd4f60f000 	C:\WINDOWS\System32\ADVAPI32.dll
0x00007ffd4f300000 - 0x00007ffd4f39f000 	C:\WINDOWS\System32\sechost.dll
0x00007ffd50730000 - 0x00007ffd50853000 	C:\WINDOWS\System32\RPCRT4.dll
0x00007ffd4e930000 - 0x00007ffd4e957000 	C:\WINDOWS\System32\bcrypt.dll
0x00007ffd50240000 - 0x00007ffd502ab000 	C:\WINDOWS\System32\WS2_32.dll
0x00007ffd42780000 - 0x00007ffd427a7000 	C:\WINDOWS\SYSTEM32\WINMM.dll
0x00007ffd4dba0000 - 0x00007ffd4dbeb000 	C:\WINDOWS\SYSTEM32\POWRPROF.dll
0x00007ffd45bf0000 - 0x00007ffd45bfa000 	C:\WINDOWS\SYSTEM32\VERSION.dll
0x00007ffd4da60000 - 0x00007ffd4da72000 	C:\WINDOWS\SYSTEM32\UMPDC.dll
0x00007ffd4ce80000 - 0x00007ffd4ce92000 	C:\WINDOWS\SYSTEM32\kernel.appcore.dll
0x00007ffd4abb0000 - 0x00007ffd4abba000 	C:\Program Files\Android\Android Studio2\jbr\bin\jimage.dll
0x00007ffd4c240000 - 0x00007ffd4c424000 	C:\WINDOWS\SYSTEM32\DBGHELP.DLL
0x00007ffd34530000 - 0x00007ffd34564000 	C:\WINDOWS\SYSTEM32\dbgcore.DLL
0x00007ffd4e6a0000 - 0x00007ffd4e722000 	C:\WINDOWS\System32\bcryptPrimitives.dll
0x00007ffd308d0000 - 0x00007ffd308de000 	C:\Program Files\Android\Android Studio2\jbr\bin\instrument.dll
0x00007ffd3ff20000 - 0x00007ffd3ff3f000 	C:\Program Files\Android\Android Studio2\jbr\bin\java.dll
0x00007ffd3fee0000 - 0x00007ffd3fef8000 	C:\Program Files\Android\Android Studio2\jbr\bin\zip.dll
0x00007ffd4f9b0000 - 0x00007ffd5011f000 	C:\WINDOWS\System32\SHELL32.dll
0x00007ffd4c6c0000 - 0x00007ffd4ce63000 	C:\WINDOWS\SYSTEM32\windows.storage.dll
0x00007ffd50c70000 - 0x00007ffd50fc5000 	C:\WINDOWS\System32\combase.dll
0x00007ffd4dff0000 - 0x00007ffd4e01b000 	C:\WINDOWS\SYSTEM32\Wldp.dll
0x00007ffd509a0000 - 0x00007ffd50a6d000 	C:\WINDOWS\System32\OLEAUT32.dll
0x00007ffd4f030000 - 0x00007ffd4f0dd000 	C:\WINDOWS\System32\SHCORE.dll
0x00007ffd501c0000 - 0x00007ffd50215000 	C:\WINDOWS\System32\shlwapi.dll
0x00007ffd4e5d0000 - 0x00007ffd4e5f5000 	C:\WINDOWS\SYSTEM32\profapi.dll
0x00007ffd48690000 - 0x00007ffd486a0000 	C:\Program Files\Android\Android Studio2\jbr\bin\net.dll
0x00007ffd4b560000 - 0x00007ffd4b66a000 	C:\WINDOWS\SYSTEM32\WINHTTP.dll
0x00007ffd4ddd0000 - 0x00007ffd4de3c000 	C:\WINDOWS\system32\mswsock.dll
0x00007ffd3ec70000 - 0x00007ffd3ec86000 	C:\Program Files\Android\Android Studio2\jbr\bin\nio.dll
0x00007ffd40d70000 - 0x00007ffd40d80000 	C:\Program Files\Android\Android Studio2\jbr\bin\verify.dll
0x00007ffd233b0000 - 0x00007ffd233d7000 	C:\Users\DELL\.gradle\native\c067742578af261105cb4f569cf0c3c89f3d7b1fecec35dd04571415982c5e48\windows-amd64\native-platform.dll
0x00007ffd04890000 - 0x00007ffd049d4000 	C:\Users\DELL\.gradle\native\100fb08df4bc3b14c8652ba06237920a3bd2aa13389f12d3474272988ae205f9\windows-amd64\native-platform-file-events.dll
0x00007ffd46cb0000 - 0x00007ffd46cb9000 	C:\Program Files\Android\Android Studio2\jbr\bin\management.dll
0x00007ffd430b0000 - 0x00007ffd430bb000 	C:\Program Files\Android\Android Studio2\jbr\bin\management_ext.dll
0x00007ffd4f550000 - 0x00007ffd4f558000 	C:\WINDOWS\System32\PSAPI.DLL
0x00007ffd4e030000 - 0x00007ffd4e048000 	C:\WINDOWS\SYSTEM32\CRYPTSP.dll
0x00007ffd4d6a0000 - 0x00007ffd4d6d8000 	C:\WINDOWS\system32\rsaenh.dll
0x00007ffd4e550000 - 0x00007ffd4e57e000 	C:\WINDOWS\SYSTEM32\USERENV.dll
0x00007ffd4df60000 - 0x00007ffd4df6c000 	C:\WINDOWS\SYSTEM32\CRYPTBASE.dll
0x00007ffd4da80000 - 0x00007ffd4dabb000 	C:\WINDOWS\SYSTEM32\IPHLPAPI.DLL
0x00007ffd50900000 - 0x00007ffd50908000 	C:\WINDOWS\System32\NSI.dll
0x00007ffd47bf0000 - 0x00007ffd47bf9000 	C:\Program Files\Android\Android Studio2\jbr\bin\extnet.dll
0x00007ffd47c20000 - 0x00007ffd47c27000 	C:\WINDOWS\system32\wshunix.dll
0x00007ffd027f0000 - 0x00007ffd02807000 	C:\WINDOWS\system32\napinsp.dll
0x00007ffd027d0000 - 0x00007ffd027eb000 	C:\WINDOWS\system32\pnrpnsp.dll
0x00007ffd16c80000 - 0x00007ffd16c95000 	C:\WINDOWS\system32\wshbth.dll
0x00007ffd4b670000 - 0x00007ffd4b68d000 	C:\WINDOWS\system32\NLAapi.dll
0x00007ffd4dad0000 - 0x00007ffd4db9a000 	C:\WINDOWS\SYSTEM32\DNSAPI.dll
0x00007ffd027b0000 - 0x00007ffd027c2000 	C:\WINDOWS\System32\winrnr.dll
0x0000000054ec0000 - 0x0000000054ee6000 	C:\Program Files\Bonjour\mdnsNSP.dll
0x00007ffd47440000 - 0x00007ffd4744a000 	C:\Windows\System32\rasadhlp.dll
0x00007ffd45d20000 - 0x00007ffd45da0000 	C:\WINDOWS\System32\fwpuclnt.dll
0x00007ffd4d8f0000 - 0x00007ffd4d923000 	C:\WINDOWS\SYSTEM32\ntmarta.dll
0x00007ffd478c0000 - 0x00007ffd478de000 	C:\Users\DELL\AppData\Local\Temp\native-platform11915476397904670027dir\native-platform.dll
0x00007ffd47e70000 - 0x00007ffd47e77000 	C:\Program Files\Android\Android Studio2\jbr\bin\rmi.dll

dbghelp: loaded successfully - version: 4.0.5 - missing functions: none
symbol engine: initialized successfully - sym options: 0x614 - pdb path: .;C:\Program Files\Android\Android Studio2\jbr\bin;C:\WINDOWS\SYSTEM32;C:\WINDOWS\WinSxS\amd64_microsoft.windows.common-controls_6595b64144ccf1df_6.0.19041.4355_none_60b8b9eb71f62e16;C:\Program Files\Android\Android Studio2\jbr\bin\server;C:\Users\DELL\.gradle\native\c067742578af261105cb4f569cf0c3c89f3d7b1fecec35dd04571415982c5e48\windows-amd64;C:\Users\DELL\.gradle\native\100fb08df4bc3b14c8652ba06237920a3bd2aa13389f12d3474272988ae205f9\windows-amd64;C:\Program Files\Bonjour;C:\Users\DELL\AppData\Local\Temp\native-platform11915476397904670027dir

VM Arguments:
jvm_args: --add-opens=java.base/java.util=ALL-UNNAMED --add-opens=java.base/java.lang=ALL-UNNAMED --add-opens=java.base/java.lang.invoke=ALL-UNNAMED --add-opens=java.prefs/java.util.prefs=ALL-UNNAMED --add-exports=jdk.compiler/com.sun.tools.javac.api=ALL-UNNAMED --add-exports=jdk.compiler/com.sun.tools.javac.util=ALL-UNNAMED --add-opens=java.base/java.nio.charset=ALL-UNNAMED --add-opens=java.base/java.net=ALL-UNNAMED --add-opens=java.base/java.util.concurrent.atomic=ALL-UNNAMED -Xmx2048m -Dfile.encoding=UTF-8 -Duser.country=US -Duser.language=en -Duser.variant -javaagent:C:\Users\DELL\.gradle\wrapper\dists\gradle-8.9-bin\90cnw93cvbtalezasaz0blq0a\gradle-8.9\lib\agents\gradle-instrumentation-agent-8.9.jar 
java_command: org.gradle.launcher.daemon.bootstrap.GradleDaemon 8.9
java_class_path (initial): C:\Users\DELL\.gradle\wrapper\dists\gradle-8.9-bin\90cnw93cvbtalezasaz0blq0a\gradle-8.9\lib\gradle-daemon-main-8.9.jar
Launcher Type: SUN_STANDARD

[Global flags]
     intx CICompilerCount                          = 4                                         {product} {ergonomic}
     uint ConcGCThreads                            = 2                                         {product} {ergonomic}
     uint G1ConcRefinementThreads                  = 8                                         {product} {ergonomic}
   size_t G1HeapRegionSize                         = 1048576                                   {product} {ergonomic}
    uintx GCDrainStackTargetSize                   = 64                                        {product} {ergonomic}
   size_t InitialHeapSize                          = 132120576                                 {product} {ergonomic}
   size_t MarkStackSize                            = 4194304                                   {product} {ergonomic}
   size_t MaxHeapSize                              = 2147483648                                {product} {command line}
   size_t MaxNewSize                               = 1287651328                                {product} {ergonomic}
   size_t MinHeapDeltaBytes                        = 1048576                                   {product} {ergonomic}
   size_t MinHeapSize                              = 8388608                                   {product} {ergonomic}
    uintx NonNMethodCodeHeapSize                   = 5839372                                {pd product} {ergonomic}
    uintx NonProfiledCodeHeapSize                  = 122909434                              {pd product} {ergonomic}
    uintx ProfiledCodeHeapSize                     = 122909434                              {pd product} {ergonomic}
    uintx ReservedCodeCacheSize                    = 251658240                              {pd product} {ergonomic}
     bool SegmentedCodeCache                       = true                                      {product} {ergonomic}
   size_t SoftMaxHeapSize                          = 2147483648                             {manageable} {ergonomic}
     bool UseCompressedOops                        = true                           {product lp64_product} {ergonomic}
     bool UseG1GC                                  = true                                      {product} {ergonomic}
     bool UseLargePagesIndividualAllocation        = false                                  {pd product} {ergonomic}

Logging:
Log output configuration:
 #0: stdout all=warning uptime,level,tags foldmultilines=false
 #1: stderr all=off uptime,level,tags foldmultilines=false

Environment Variables:
JAVA_HOME=C:\Program Files\Java\jre-1.8
PATH=c:\Users\DELL\AppData\Local\Programs\cursor\resources\app\bin;C:\Program Files\Google\Chrome\Application;C:\Program Files\Common Files\Oracle\Java\javapath;C:\Program Files (x86)\Common Files\Oracle\Java\javapath;C:\WINDOWS\system32;C:\WINDOWS;C:\WINDOWS\System32\Wbem;C:\WINDOWS\System32\WindowsPowerShell\v1.0\;C:\WINDOWS\System32\OpenSSH\;C:\Program Files (x86)\NVIDIA Corporation\PhysX\Common;C:\Program Files\dotnet\;C:\Program Files\Java\jre-1.8\bin;C:\Program Files\Java\jdk-20\bin;C:\Program Files (x86)\Microsoft SQL Server\160\Tools\Binn\;C:\Program Files\Microsoft SQL Server\160\Tools\Binn\;C:\Program Files\Microsoft SQL Server\Client SDK\ODBC\170\Tools\Binn\;C:\Program Files\Microsoft SQL Server\160\DTS\Binn\;C:\Program Files (x86)\Microsoft SQL Server\160\DTS\Binn\;C:\Program Files\NVIDIA Corporation\NVIDIA app\NvDLISR;C:\Program Files\Git\cmd;C:\Users\DELL\AppData\Local\Android\Sdk\tools;C:\Users\DELL\AppData\Local\Android\Sdk\platform-tools;C:\Program Files\Java\jdk-20\bin;C:\Users\DELL\AppData\Local;C:\Users\DELL\AppData\Local\Programs\Python\Python312\Scripts\;C:\Users\DELL\AppData\Local\Programs\Python\Python312\;C:\Users\DELL\AppData\Local\Programs\Python\Python313\Scripts\;C:\Users\DELL\AppData\Local\Programs\Python\Python313\;C:\Users\DELL\AppData\Local\Programs\Python\Launcher\;C:\Users\DELL\AppData\Local\Microsoft\WindowsApps;C:\Program Files\Java\jdk-20\bin;C:\Program Files\Java\jre-1.8\bin;D:\flutter\dart-sdk;C:\flutter\flutter\bin;C:\Users\DELL\AppData\Local\Programs\Microsoft VS Code\bin;C:\Users\DELL\AppData\Local\Programs\Windsurf\bin;C:\Users\DELL\AppData\Local\Programs\cursor\resources\app\bin
USERNAME=DELL
OS=Windows_NT
PROCESSOR_IDENTIFIER=Intel64 Family 6 Model 165 Stepping 2, GenuineIntel
TMP=C:\Users\DELL\AppData\Local\Temp
TEMP=C:\Users\DELL\AppData\Local\Temp




Periodic native trim disabled

JNI global refs:
JNI global refs: 28, weak refs: 0

JNI global refs memory usage: 835, weak refs: 833

Process memory usage:
Resident Set Size: 582916K (7% of 8158984K total physical memory with 331996K free physical memory)

OOME stack traces (most recent first):
Classloader memory used:
Loader org.gradle.internal.classloader.VisitableURLClassLoader$InstrumentingVisitableURLClassLoader: 71850K
Loader org.gradle.internal.classloader.VisitableURLClassLoader                         : 52939K
Loader bootstrap                                                                       : 33803K
Loader org.gradle.initialization.MixInLegacyTypesClassLoader                           : 12295K
Loader jdk.internal.loader.ClassLoaders$AppClassLoader                                 : 9014K
Loader jdk.internal.loader.ClassLoaders$PlatformClassLoader                            : 735K
Loader jdk.internal.reflect.DelegatingClassLoader                                      : 642K
Loader org.gradle.groovy.scripts.internal.DefaultScriptCompilationHandler$ScriptClassLoader: 254K
Loader org.gradle.internal.classloader.VisitableURLClassLoader                         : 82672B
Loader org.codehaus.groovy.runtime.callsite.CallSiteClassLoader                        : 12616B
Loader sun.reflect.misc.MethodUtil                                                     : 2960B

Classes loaded by more than one classloader:
Class build_2vm8f9q00t7tuhno854drtvg2                                                 : loaded 4 times (x 177B)
Class build_2vm8f9q00t7tuhno854drtvg2$_run_closure1                                   : loaded 4 times (x 136B)
Class com.google.common.base.PairwiseEquivalence                                      : loaded 2 times (x 80B)
Class com.google.common.base.Equivalence$Identity                                     : loaded 2 times (x 79B)
Class com.google.common.collect.RegularImmutableMap$KeySet                            : loaded 2 times (x 147B)
Class org.gradle.internal.classloader.FilteringClassLoader                            : loaded 2 times (x 102B)
Class net.rubygrapefruit.platform.internal.Platform$FreeBSD64Bit                      : loaded 2 times (x 79B)
Class com.google.common.cache.LocalCache$ValueIterator                                : loaded 2 times (x 83B)
Class [Lcom.google.common.collect.MapMakerInternalMap$Segment;                        : loaded 2 times (x 66B)
Class com.google.common.io.FileWriteMode                                              : loaded 2 times (x 76B)
Class [Lcom.google.common.base.AbstractIterator$State;                                : loaded 2 times (x 66B)
Class com.google.common.base.CharMatcher$IsEither                                     : loaded 2 times (x 108B)
Class org.gradle.internal.classloader.ClassLoaderHierarchy                            : loaded 2 times (x 67B)
Class net.rubygrapefruit.platform.internal.Platform$FreeBSD                           : loaded 2 times (x 79B)
Class com.google.common.collect.AbstractMapBasedMultimap$WrappedCollection            : loaded 2 times (x 121B)
Class com.google.common.collect.ImmutableEnumSet                                      : loaded 2 times (x 143B)
Class com.google.common.util.concurrent.ExecutionError                                : loaded 2 times (x 79B)
Class com.google.common.collect.ImmutableList$1                                       : loaded 2 times (x 94B)
Class org.gradle.api.internal.classpath.ManifestUtil                                  : loaded 2 times (x 68B)
Class build_2vm8f9q00t7tuhno854drtvg2$_run_closure1$_closure3                         : loaded 2 times (x 136B)
Class com.google.common.io.ByteArrayDataOutput                                        : loaded 2 times (x 67B)
Class net.rubygrapefruit.platform.NativeException                                     : loaded 2 times (x 79B)
Class com.google.common.collect.RegularImmutableMap                                   : loaded 2 times (x 118B)
Class com.google.common.collect.ImmutableMap$MapViewOfValuesAsSingletonSets           : loaded 2 times (x 122B)
Class build_2vm8f9q00t7tuhno854drtvg2$_run_closure1$_closure4                         : loaded 2 times (x 136B)
Class org.apache.commons.io.function.IOFunction                                       : loaded 2 times (x 67B)
Class com.google.common.cache.LocalCache$Values                                       : loaded 2 times (x 115B)
Class com.google.common.collect.TransformedListIterator                               : loaded 2 times (x 90B)
Class com.google.common.reflect.TypeCapture                                           : loaded 2 times (x 68B)
Class [Lorg.objectweb.asm.Symbol;                                                     : loaded 2 times (x 66B)
Class org.objectweb.asm.ClassVisitor                                                  : loaded 2 times (x 85B)
Class com.google.common.collect.UnmodifiableListIterator                              : loaded 2 times (x 92B)
Class build_2vm8f9q00t7tuhno854drtvg2$_run_closure1$_closure5                         : loaded 2 times (x 136B)
Class com.google.common.collect.MapMakerInternalMap$StrongKeyDummyValueEntry$LinkedStrongKeyDummyValueEntry: loaded 2 times (x 79B)
Class com.google.common.collect.MapMakerInternalMap$Strength                          : loaded 2 times (x 77B)
Class org.objectweb.asm.MethodTooLargeException                                       : loaded 2 times (x 80B)
Class [Lcom.google.common.cache.CacheBuilder$OneWeigher;                              : loaded 2 times (x 66B)
Class com.google.common.base.Suppliers                                                : loaded 2 times (x 68B)
Class com.google.common.base.Platform$JdkPatternCompiler                              : loaded 2 times (x 72B)
Class org.gradle.internal.classloader.DefaultClassLoaderFactory                       : loaded 2 times (x 79B)
Class build_2vm8f9q00t7tuhno854drtvg2$_run_closure1$_closure6                         : loaded 2 times (x 136B)
Class com.google.common.io.ByteSource$ConcatenatedByteSource                          : loaded 2 times (x 82B)
Class [Lcom.google.common.collect.AbstractIterator$State;                             : loaded 2 times (x 66B)
Class org.apache.commons.io.file.PathUtils                                            : loaded 2 times (x 68B)
Class com.google.common.base.CharMatcher$None                                         : loaded 2 times (x 109B)
Class org.gradle.internal.classloader.ClassLoaderVisitor                              : loaded 2 times (x 73B)
Class build_2vm8f9q00t7tuhno854drtvg2$_run_closure1$_closure7                         : loaded 2 times (x 136B)
Class net.rubygrapefruit.platform.NativeIntegrationUnavailableException               : loaded 2 times (x 79B)
Class net.rubygrapefruit.platform.internal.Platform                                   : loaded 2 times (x 76B)
Class [Lcom.google.common.collect.ImmutableMapEntry;                                  : loaded 2 times (x 66B)
Class org.gradle.api.internal.classpath.EffectiveClassPath                            : loaded 2 times (x 87B)
Class com.google.common.collect.CollectSpliterators$1WithCharacteristics              : loaded 2 times (x 87B)
Class com.google.common.collect.AbstractIterator$1                                    : loaded 2 times (x 68B)
Class com.google.common.collect.ImmutableRangeSet                                     : loaded 2 times (x 112B)
Class [Lorg.apache.commons.io.StandardLineSeparator;                                  : loaded 2 times (x 66B)
Class org.apache.commons.io.output.StringBuilderWriter                                : loaded 2 times (x 97B)
Class com.google.common.collect.ImmutableEnumMap                                      : loaded 2 times (x 122B)
Class com.google.common.collect.ListMultimap                                          : loaded 2 times (x 67B)
Class com.google.common.collect.Iterators$EmptyModifiableIterator                     : loaded 2 times (x 83B)
Class com.google.common.collect.Sets$1                                                : loaded 2 times (x 136B)
Class org.objectweb.asm.AnnotationVisitor                                             : loaded 2 times (x 75B)
Class com.google.common.base.Splitter                                                 : loaded 2 times (x 69B)
Class org.gradle.api.internal.DefaultClassPathProvider                                : loaded 2 times (x 73B)
Class [Lcom.google.common.base.Function;                                              : loaded 2 times (x 66B)
Class org.apache.commons.io.FilenameUtils                                             : loaded 2 times (x 68B)
Class com.google.common.collect.MapMakerInternalMap$Strength$1                        : loaded 2 times (x 77B)
Class com.google.common.collect.Maps$ViewCachingAbstractMap                           : loaded 2 times (x 122B)
Class com.google.common.collect.Sets$2                                                : loaded 2 times (x 136B)
Class [Lorg.gradle.api.internal.ClassPathProvider;                                    : loaded 2 times (x 66B)
Class org.gradle.api.internal.ClassPathProvider                                       : loaded 2 times (x 67B)
Class com.google.common.collect.MapMakerInternalMap$Strength$2                        : loaded 2 times (x 77B)
Class com.google.common.reflect.Types$ClassOwnership$1                                : loaded 2 times (x 77B)
Class [Lorg.objectweb.asm.AnnotationVisitor;                                          : loaded 2 times (x 66B)
Class com.google.common.collect.Sets$3                                                : loaded 2 times (x 136B)
Class com.google.common.util.concurrent.AbstractFuture$SafeAtomicHelper               : loaded 2 times (x 76B)
Class com.google.common.cache.LocalCache$LocalLoadingCache                            : loaded 2 times (x 131B)
Class com.google.common.base.AbstractIterator$State                                   : loaded 2 times (x 76B)
Class org.gradle.internal.service.UnknownServiceException                             : loaded 2 times (x 80B)
Class com.google.common.io.ByteArrayDataInput                                         : loaded 2 times (x 67B)
Class com.google.common.collect.MapMakerInternalMap$StrongValueEntry                  : loaded 2 times (x 67B)
Class com.google.common.reflect.Types$ClassOwnership$2                                : loaded 2 times (x 77B)
Class com.google.common.reflect.TypeResolver                                          : loaded 2 times (x 69B)
Class com.google.common.collect.Sets$4                                                : loaded 2 times (x 136B)
Class org.objectweb.asm.ModuleVisitor                                                 : loaded 2 times (x 78B)
Class com.google.common.cache.LocalCache$Strength$1                                   : loaded 2 times (x 78B)
Class com.google.common.collect.Collections2$FilteredCollection                       : loaded 2 times (x 116B)
Class net.rubygrapefruit.platform.internal.Platform$MacOs64Bit                        : loaded 2 times (x 79B)
Class org.apache.commons.io.file.Counters$Counter                                     : loaded 2 times (x 67B)
Class com.google.common.reflect.Types$ClassOwnership$3                                : loaded 2 times (x 68B)
Class org.apache.commons.io.output.QueueOutputStream                                  : loaded 2 times (x 84B)
Class com.google.common.util.concurrent.SettableFuture                                : loaded 2 times (x 111B)
Class com.google.common.cache.LocalCache$Strength$2                                   : loaded 2 times (x 78B)
Class [Lcom.google.common.collect.Maps$EntryFunction;                                 : loaded 2 times (x 66B)
Class com.google.common.io.ByteStreams                                                : loaded 2 times (x 68B)
Class net.rubygrapefruit.platform.internal.Platform$Posix                             : loaded 2 times (x 78B)
Class com.google.common.collect.Interners$InternerImpl                                : loaded 2 times (x 72B)
Class com.google.common.io.LineReader                                                 : loaded 2 times (x 69B)
Class com.google.common.collect.TransformedIterator                                   : loaded 2 times (x 77B)
Class com.google.common.cache.LocalCache$Strength$3                                   : loaded 2 times (x 78B)
Class com.google.common.collect.MapDifference                                         : loaded 2 times (x 67B)
Class com.google.common.base.Splitter$1                                               : loaded 2 times (x 74B)
Class com.google.common.collect.MapMaker$Dummy                                        : loaded 2 times (x 76B)
Class com.google.common.reflect.Invokable                                             : loaded 2 times (x 100B)
Class org.objectweb.asm.FieldWriter                                                   : loaded 2 times (x 75B)
Class com.google.common.cache.CacheBuilder$NullListener                               : loaded 2 times (x 79B)
Class org.gradle.internal.classpath.TransformedClassPath                              : loaded 2 times (x 93B)
Class com.google.common.collect.Maps$IteratorBasedAbstractMap$1                       : loaded 2 times (x 135B)
Class org.apache.commons.io.filefilter.AbstractFileFilter                             : loaded 2 times (x 113B)
Class com.google.common.collect.ImmutableListMultimap                                 : loaded 2 times (x 173B)
Class com.google.common.collect.ImmutableRangeSet$AsSet                               : loaded 2 times (x 296B)
Class com.google.common.reflect.Types$ParameterizedTypeImpl                           : loaded 2 times (x 78B)
Class org.apache.commons.io.output.UnsynchronizedByteArrayOutputStream                : loaded 2 times (x 99B)
Class com.google.common.cache.CacheLoader$FunctionToCacheLoader                       : loaded 2 times (x 72B)
Class com.google.common.collect.Iterators$ArrayItr                                    : loaded 2 times (x 94B)
Class com.google.common.collect.ImmutableCollection$Builder                           : loaded 2 times (x 73B)
Class com.google.common.collect.EmptyImmutableListMultimap                            : loaded 2 times (x 173B)
Class com.google.common.collect.BaseImmutableMultimap                                 : loaded 2 times (x 120B)
Class com.google.common.reflect.TypeResolver$TypeVariableKey                          : loaded 2 times (x 69B)
Class org.apache.commons.io.output.ByteArrayOutputStream                              : loaded 2 times (x 99B)
Class com.google.common.base.Joiner                                                   : loaded 2 times (x 76B)
Class com.google.common.base.MoreObjects                                              : loaded 2 times (x 68B)
Class [Lorg.objectweb.asm.Attribute;                                                  : loaded 2 times (x 66B)
Class [Lorg.objectweb.asm.Type;                                                       : loaded 2 times (x 66B)
Class com.google.common.collect.Platform                                              : loaded 2 times (x 68B)
Class com.google.common.collect.UnmodifiableIterator                                  : loaded 2 times (x 77B)
Class org.gradle.internal.service.ServiceLocator                                      : loaded 2 times (x 67B)
Class org.apache.commons.io.FileExistsException                                       : loaded 2 times (x 79B)
Class com.google.common.collect.HashBiMap$BiEntry                                     : loaded 2 times (x 80B)
Class com.google.common.base.Ascii                                                    : loaded 2 times (x 68B)
Class com.google.common.collect.SingletonImmutableBiMap                               : loaded 2 times (x 140B)
Class com.google.common.cache.LocalCache$1                                            : loaded 2 times (x 86B)
Class com.google.common.collect.AbstractMapEntry                                      : loaded 2 times (x 78B)
Class com.google.common.io.ByteSource$ByteArrayByteSource                             : loaded 2 times (x 82B)
Class com.google.common.collect.MapMakerInternalMap$AbstractStrongKeyEntry            : loaded 2 times (x 77B)
Class com.google.common.reflect.TypeToken$SimpleTypeToken                             : loaded 2 times (x 70B)
Class com.google.common.collect.Sets$ImprovedAbstractSet                              : loaded 2 times (x 132B)
Class com.google.common.collect.ImmutableList$Builder                                 : loaded 2 times (x 74B)
Class com.google.common.cache.LocalCache$2                                            : loaded 2 times (x 139B)
Class com.google.common.collect.AbstractMultimap                                      : loaded 2 times (x 120B)
Class com.google.common.collect.ImmutableRangeSet$1                                   : loaded 2 times (x 206B)
Class com.google.common.util.concurrent.AbstractFuture$UnsafeAtomicHelper$1           : loaded 2 times (x 73B)
Class com.google.common.collect.RegularImmutableAsList                                : loaded 2 times (x 213B)
Class com.google.common.base.Optional                                                 : loaded 2 times (x 77B)
Class com.google.common.collect.Range                                                 : loaded 2 times (x 84B)
Class com.google.common.util.concurrent.AbstractFuture$Trusted                        : loaded 2 times (x 67B)
Class com.google.common.collect.Iterators                                             : loaded 2 times (x 68B)
Class com.google.common.base.CharMatcher$RangesMatcher                                : loaded 2 times (x 109B)
Class net.rubygrapefruit.platform.internal.Platform$Linux32Bit                        : loaded 2 times (x 80B)
Class com.google.common.io.ByteSink$AsCharSink                                        : loaded 2 times (x 77B)
Class com.google.common.util.concurrent.UncheckedExecutionException                   : loaded 2 times (x 79B)
Class com.google.common.collect.Lists$StringAsImmutableList                           : loaded 2 times (x 204B)
Class net.rubygrapefruit.platform.Native                                              : loaded 2 times (x 68B)
Class net.rubygrapefruit.platform.NativeIntegration                                   : loaded 2 times (x 67B)
Class com.google.common.collect.ImmutableSortedSetFauxverideShim                      : loaded 2 times (x 144B)
Class com.google.common.base.CharMatcher$JavaLetterOrDigit                            : loaded 2 times (x 108B)
Class org.gradle.internal.InternalTransformer                                         : loaded 2 times (x 67B)
Class [Lnet.rubygrapefruit.platform.internal.FunctionResult$Failure;                  : loaded 2 times (x 66B)
Class com.google.common.collect.AbstractMapBasedMultimap$KeySet$1                     : loaded 2 times (x 79B)
Class org.objectweb.asm.ClassWriter                                                   : loaded 2 times (x 103B)
Class com.google.common.cache.CacheLoader$UnsupportedLoadingOperationException        : loaded 2 times (x 79B)
Class com.google.common.base.CharMatcher$And                                          : loaded 2 times (x 109B)
Class org.gradle.internal.classloader.ClasspathUtil$1                                 : loaded 2 times (x 73B)
Class com.google.common.collect.FluentIterable$1                                      : loaded 2 times (x 78B)
Class com.google.common.base.Objects                                                  : loaded 2 times (x 68B)
Class org.objectweb.asm.FieldVisitor                                                  : loaded 2 times (x 74B)
Class com.google.common.collect.IndexedImmutableSet                                   : loaded 2 times (x 147B)
Class com.google.common.collect.ImmutableMap$1                                        : loaded 2 times (x 78B)
Class com.google.common.collect.BiMap                                                 : loaded 2 times (x 67B)
Class org.gradle.api.internal.classpath.DefaultModuleRegistry$DefaultModule           : loaded 2 times (x 83B)
Class com.google.common.base.Absent                                                   : loaded 2 times (x 77B)
Class com.google.common.collect.FluentIterable$2                                      : loaded 2 times (x 78B)
Class com.google.common.reflect.Reflection                                            : loaded 2 times (x 68B)
Class com.google.common.primitives.Ints                                               : loaded 2 times (x 68B)
Class com.google.common.collect.AbstractIterator                                      : loaded 2 times (x 79B)
Class com.google.common.collect.FluentIterable$3                                      : loaded 2 times (x 78B)
Class org.apache.commons.io.file.CountingPathVisitor                                  : loaded 2 times (x 88B)
Class com.google.common.math.MathPreconditions                                        : loaded 2 times (x 68B)
Class com.google.common.collect.Multiset                                              : loaded 2 times (x 67B)
Class com.google.common.collect.ArrayListMultimapGwtSerializationDependencies         : loaded 2 times (x 169B)
Class com.google.common.collect.ObjectArrays                                          : loaded 2 times (x 68B)
Class com.google.common.collect.AbstractIndexedListIterator                           : loaded 2 times (x 93B)
Class org.apache.commons.io.output.NullOutputStream                                   : loaded 2 times (x 82B)
Class com.google.common.collect.ImmutableMapEntrySet                                  : loaded 2 times (x 148B)
Class org.gradle.api.internal.classpath.Module                                        : loaded 2 times (x 67B)
Class com.google.common.cache.Weigher                                                 : loaded 2 times (x 67B)
Class org.gradle.api.internal.classpath.UnknownModuleException                        : loaded 2 times (x 79B)
Class org.apache.commons.io.file.Counters$PathCounters                                : loaded 2 times (x 67B)
Class org.apache.commons.io.Charsets                                                  : loaded 2 times (x 68B)
Class com.google.common.base.Stopwatch                                                : loaded 2 times (x 69B)
Class com.google.common.cache.LocalCache$Strength                                     : loaded 2 times (x 78B)
Class com.google.common.cache.Cache                                                   : loaded 2 times (x 67B)
Class com.google.common.collect.Interner                                              : loaded 2 times (x 67B)
Class com.google.common.io.AppendableWriter                                           : loaded 2 times (x 97B)
Class com.google.common.io.Files$2                                                    : loaded 2 times (x 73B)
Class org.apache.commons.io.filefilter.IOFileFilter                                   : loaded 2 times (x 67B)
Class com.google.common.util.concurrent.AbstractFuture$Cancellation                   : loaded 2 times (x 69B)
Class com.google.common.collect.ImmutableMap$Builder                                  : loaded 2 times (x 79B)
Class com.google.common.base.NullnessCasts                                            : loaded 2 times (x 68B)
Class build_2vm8f9q00t7tuhno854drtvg2$_run_closure2                                   : loaded 2 times (x 136B)
Class com.google.common.collect.Maps$EntryFunction$1                                  : loaded 2 times (x 88B)
Class net.rubygrapefruit.platform.internal.FunctionResult                             : loaded 2 times (x 74B)
Class com.google.common.base.Present                                                  : loaded 2 times (x 78B)
Class com.google.common.collect.AbstractMapBasedMultimap$WrappedCollection$WrappedIterator: loaded 2 times (x 81B)
Class com.google.common.cache.RemovalListener                                         : loaded 2 times (x 67B)
Class org.gradle.api.internal.DefaultClassPathRegistry                                : loaded 2 times (x 73B)
Class com.google.common.collect.Maps$EntryFunction$2                                  : loaded 2 times (x 88B)
Class net.rubygrapefruit.platform.NativeIntegrationLinkageException                   : loaded 2 times (x 79B)
Class com.google.common.collect.ImmutableMultimap$Keys                                : loaded 2 times (x 163B)
Class org.apache.commons.io.file.DeleteOption                                         : loaded 2 times (x 67B)
Class com.google.common.reflect.Invokable$ConstructorInvokable                        : loaded 2 times (x 104B)
Class com.google.common.primitives.IntsMethodsForWeb                                  : loaded 2 times (x 68B)
Class com.google.common.collect.Multimap                                              : loaded 2 times (x 67B)
Class org.gradle.api.internal.ClassPathRegistry                                       : loaded 2 times (x 67B)
Class org.gradle.internal.classpath.DefaultClassPath$ImmutableUniqueList              : loaded 2 times (x 196B)
Class com.google.common.collect.NullnessCasts                                         : loaded 2 times (x 68B)
Class com.google.common.collect.MapMakerInternalMap$Segment                           : loaded 2 times (x 139B)
Class com.google.common.reflect.TypeToken                                             : loaded 2 times (x 70B)
Class com.google.common.base.ExtraObjectsMethodsForWeb                                : loaded 2 times (x 68B)
Class org.apache.commons.io.IOUtils                                                   : loaded 2 times (x 68B)
Class net.rubygrapefruit.platform.internal.jni.NativeLibraryFunctions                 : loaded 2 times (x 68B)
Class com.google.common.io.ByteSink                                                   : loaded 2 times (x 73B)
Class com.google.common.cache.CacheBuilder                                            : loaded 2 times (x 69B)
Class com.google.common.collect.SingletonImmutableList                                : loaded 2 times (x 204B)
Class org.gradle.internal.classpath.ClassPath                                         : loaded 2 times (x 67B)
Class org.gradle.api.UncheckedIOException                                             : loaded 2 times (x 79B)
Class com.google.common.collect.Interners$InternerBuilder                             : loaded 2 times (x 73B)
Class com.google.common.io.Files$FileByteSource                                       : loaded 2 times (x 82B)
Class [Lcom.google.common.reflect.Types$JavaVersion;                                  : loaded 2 times (x 66B)
Class com.google.common.collect.ImmutableList$ReverseImmutableList                    : loaded 2 times (x 205B)
Class com.google.common.base.JdkPattern                                               : loaded 2 times (x 72B)
Class net.rubygrapefruit.platform.internal.Platform$Windows                           : loaded 2 times (x 76B)
Class com.google.common.io.CharStreams$NullWriter                                     : loaded 2 times (x 96B)
Class org.objectweb.asm.SymbolTable$Entry                                             : loaded 2 times (x 71B)
Class com.google.common.util.concurrent.AbstractFuture$AtomicHelper                   : loaded 2 times (x 75B)
Class org.objectweb.asm.Edge                                                          : loaded 2 times (x 69B)
Class com.google.common.base.Suppliers$SupplierOfInstance                             : loaded 2 times (x 76B)
Class com.google.common.collect.Iterators$1                                           : loaded 2 times (x 78B)
Class com.google.common.reflect.TypeToken$1                                           : loaded 2 times (x 107B)
Class com.google.common.cache.LocalCache$ComputingValueReference                      : loaded 2 times (x 93B)
Class com.google.common.collect.SingletonImmutableSet                                 : loaded 2 times (x 143B)
Class com.google.common.collect.ImmutableMap$IteratorBasedImmutableMap                : loaded 2 times (x 122B)
Class com.google.common.collect.AbstractMapBasedMultimap$AsMap$AsMapEntries           : loaded 2 times (x 135B)
Class com.google.common.reflect.TypeToken$2                                           : loaded 2 times (x 107B)
Class com.google.common.cache.LocalCache$Segment                                      : loaded 2 times (x 151B)
Class net.rubygrapefruit.platform.internal.LibraryDef                                 : loaded 2 times (x 69B)
Class com.google.common.collect.SortedIterable                                        : loaded 2 times (x 67B)
Class [Lorg.objectweb.asm.SymbolTable$Entry;                                          : loaded 2 times (x 66B)
Class com.google.common.cache.CacheLoader                                             : loaded 2 times (x 71B)
Class com.google.common.collect.Iterators$4                                           : loaded 2 times (x 79B)
Class com.google.common.collect.ImmutableBiMap                                        : loaded 2 times (x 140B)
Class com.google.common.collect.AbstractListMultimap                                  : loaded 2 times (x 169B)
Class settings_9hvi9ptwjkbs3bh23kblumypv                                              : loaded 2 times (x 176B)
Class org.gradle.internal.installation.GradleInstallation$1                           : loaded 2 times (x 72B)
Class org.gradle.api.internal.classpath.ModuleRegistry                                : loaded 2 times (x 67B)
Class org.apache.commons.io.output.NullWriter                                         : loaded 2 times (x 96B)
Class com.google.common.util.concurrent.internal.InternalFutureFailureAccess          : loaded 2 times (x 69B)
Class com.google.common.collect.Iterators$5                                           : loaded 2 times (x 79B)
Class com.google.common.collect.ImmutableSet$JdkBackedSetBuilderImpl                  : loaded 2 times (x 73B)
Class com.google.common.base.Splitter$SplittingIterator                               : loaded 2 times (x 81B)
Class com.google.common.collect.Iterators$6                                           : loaded 2 times (x 78B)
Class com.google.common.collect.ImmutableMultimap$Values                              : loaded 2 times (x 123B)
Class com.google.common.io.Closer$SuppressingSuppressor                               : loaded 2 times (x 72B)
Class com.google.common.collect.HashBiMap$Inverse                                     : loaded 2 times (x 139B)
Class com.google.common.util.concurrent.AbstractFuture$UnsafeAtomicHelper             : loaded 2 times (x 75B)
Class com.google.common.cache.LocalCache$LocalManualCache$1                           : loaded 2 times (x 72B)
Class com.google.common.base.CharMatcher$ForPredicate                                 : loaded 2 times (x 109B)
Class net.rubygrapefruit.platform.internal.Platform$Window32Bit                       : loaded 2 times (x 76B)
Class com.google.common.collect.ImmutableCollection                                   : loaded 2 times (x 122B)
Class com.google.common.base.CharMatcher$AnyOf                                        : loaded 2 times (x 109B)
Class org.gradle.api.internal.classpath.DefaultModuleRegistry                         : loaded 2 times (x 80B)
Class com.google.common.util.concurrent.ListenableFuture                              : loaded 2 times (x 67B)
Class com.google.common.cache.ReferenceEntry                                          : loaded 2 times (x 67B)
Class com.google.common.collect.ImmutableSet$CachingAsList                            : loaded 2 times (x 144B)
Class com.google.common.base.Converter                                                : loaded 2 times (x 87B)
Class com.google.common.collect.Lists                                                 : loaded 2 times (x 68B)
Class com.google.common.base.CharMatcher$Any                                          : loaded 2 times (x 109B)
Class com.google.common.util.concurrent.AbstractFuture                                : loaded 2 times (x 103B)
Class com.google.common.base.FunctionalEquivalence                                    : loaded 2 times (x 80B)
Class com.google.common.collect.Iterators$9                                           : loaded 2 times (x 78B)
Class com.google.common.collect.AbstractMapBasedMultimap                              : loaded 2 times (x 136B)
Class com.google.common.collect.ImmutableAsList                                       : loaded 2 times (x 206B)
Class com.google.common.io.CharStreams                                                : loaded 2 times (x 68B)
Class com.google.common.collect.ImmutableMultiset                                     : loaded 2 times (x 160B)
Class com.google.common.reflect.TypeResolver$TypeTable                                : loaded 2 times (x 70B)
Class org.objectweb.asm.RecordComponentVisitor                                        : loaded 2 times (x 74B)
Class com.google.common.cache.CacheLoader$SupplierToCacheLoader                       : loaded 2 times (x 72B)
Class com.google.common.reflect.TypeResolver$TypeTable$1                              : loaded 2 times (x 70B)
Class com.google.common.collect.Maps$EntryTransformer                                 : loaded 2 times (x 67B)
Class org.gradle.internal.service.ServiceLookupException                              : loaded 2 times (x 79B)
Class com.google.common.collect.ImmutableSortedSet                                    : loaded 2 times (x 296B)
Class com.google.common.collect.Lists$ReverseList                                     : loaded 2 times (x 197B)
Class [Lcom.google.common.cache.LocalCache$EntryFactory;                              : loaded 2 times (x 66B)
Class com.google.common.base.CharMatcher$JavaLetter                                   : loaded 2 times (x 108B)
Class org.gradle.internal.classloader.ClassLoaderFactory                              : loaded 2 times (x 67B)
Class net.rubygrapefruit.platform.internal.Platform$Linux                             : loaded 2 times (x 80B)
Class org.apache.commons.io.function.IOBiFunction                                     : loaded 2 times (x 67B)
Class org.apache.commons.io.CloseableURLConnection                                    : loaded 2 times (x 114B)
Class com.google.common.cache.LocalCache$LocalManualCache                             : loaded 2 times (x 96B)
Class com.google.common.base.CharMatcher$IsNot                                        : loaded 2 times (x 108B)
Class com.google.common.base.CommonPattern                                            : loaded 2 times (x 71B)
Class org.gradle.internal.service.CachingServiceLocator                               : loaded 2 times (x 79B)
Class com.google.common.collect.RegularImmutableSortedSet                             : loaded 2 times (x 296B)
Class com.google.common.collect.AbstractMapBasedMultimap$KeySet                       : loaded 2 times (x 134B)
Class com.google.common.math.IntMath                                                  : loaded 2 times (x 68B)
Class org.apache.commons.io.file.Counters$AbstractPathCounters                        : loaded 2 times (x 79B)
Class com.google.common.collect.MapMakerInternalMap$InternalEntry                     : loaded 2 times (x 67B)
Class com.google.common.reflect.Types$TypeVariableInvocationHandler                   : loaded 2 times (x 72B)
Class [Lcom.google.common.collect.HashBiMap$BiEntry;                                  : loaded 2 times (x 66B)
Class org.objectweb.asm.commons.InstructionAdapter                                    : loaded 2 times (x 185B)
Class com.google.common.collect.Iterators$10                                          : loaded 2 times (x 78B)
Class com.google.common.collect.ImmutableMapEntry                                     : loaded 2 times (x 82B)
Class com.google.common.base.CharMatcher$JavaDigit                                    : loaded 2 times (x 108B)
Class com.google.common.base.Predicates                                               : loaded 2 times (x 68B)
Class com.google.common.collect.ImmutableMultimap                                     : loaded 2 times (x 144B)
Class com.google.common.base.Equivalence                                              : loaded 2 times (x 79B)
Class com.google.common.collect.ImmutableMapEntry$NonTerminalImmutableMapEntry        : loaded 2 times (x 82B)
Class com.google.common.base.Function                                                 : loaded 2 times (x 67B)
Class org.apache.commons.io.output.AbstractByteArrayOutputStream                      : loaded 2 times (x 99B)
Class com.google.common.collect.IndexedImmutableSet$1                                 : loaded 2 times (x 209B)
Class com.google.common.cache.CacheBuilder$OneWeigher                                 : loaded 2 times (x 79B)
Class com.google.common.collect.RegularImmutableList                                  : loaded 2 times (x 209B)
Class com.google.common.collect.Maps$EntryFunction                                    : loaded 2 times (x 88B)
Class net.rubygrapefruit.platform.internal.Platform$Unsupported                       : loaded 2 times (x 76B)
Class net.rubygrapefruit.platform.internal.Platform$FreeBSD32Bit                      : loaded 2 times (x 79B)
Class com.google.common.reflect.Types$ClassOwnership$1LocalClass                      : loaded 2 times (x 68B)
Class com.google.common.collect.ImmutableBiMapFauxverideShim                          : loaded 2 times (x 117B)
Class org.gradle.internal.classloader.ClasspathUtil                                   : loaded 2 times (x 68B)
Class net.rubygrapefruit.platform.internal.Platform$Unix                              : loaded 2 times (x 79B)
Class com.google.common.base.Charsets                                                 : loaded 2 times (x 68B)
Class com.google.common.util.concurrent.Uninterruptibles                              : loaded 2 times (x 68B)
Class settings_9hvi9ptwjkbs3bh23kblumypv$_run_closure1$_closure2                      : loaded 2 times (x 136B)
Class com.google.common.io.CharSource                                                 : loaded 2 times (x 82B)
Class com.google.common.collect.Maps                                                  : loaded 2 times (x 68B)
Class com.google.common.base.CharMatcher$JavaUpperCase                                : loaded 2 times (x 108B)
Class org.gradle.api.specs.Spec                                                       : loaded 2 times (x 67B)
Class com.google.common.collect.MapMaker                                              : loaded 2 times (x 69B)
Class org.apache.commons.io.file.PathFilter                                           : loaded 2 times (x 67B)
Class com.google.common.reflect.Types$JavaVersion                                     : loaded 2 times (x 80B)
Class [Lcom.google.common.collect.ImmutableEntry;                                     : loaded 2 times (x 66B)
Class com.google.common.cache.LocalCache$LoadingValueReference                        : loaded 2 times (x 93B)
Class com.google.common.io.LineReader$1                                               : loaded 2 times (x 72B)
Class com.google.common.collect.CollectSpliterators                                   : loaded 2 times (x 68B)
Class com.google.common.collect.AbstractMapBasedMultimap$AsMap                        : loaded 2 times (x 125B)
Class com.google.common.collect.MapMakerInternalMap$StrongKeyDummyValueEntry          : loaded 2 times (x 79B)
Class com.google.common.reflect.Invokable$MethodInvokable                             : loaded 2 times (x 104B)
Class com.google.common.base.Platform                                                 : loaded 2 times (x 68B)
Class com.google.common.collect.AbstractMapBasedMultimap$WrappedList                  : loaded 2 times (x 202B)
Class [Lorg.objectweb.asm.AnnotationWriter;                                           : loaded 2 times (x 66B)
Class com.google.common.primitives.Ints$IntConverter                                  : loaded 2 times (x 87B)
Class com.google.common.collect.Maps$8                                                : loaded 2 times (x 79B)
Class com.google.common.base.Predicates$CompositionPredicate                          : loaded 2 times (x 85B)
Class [Lcom.google.common.collect.Iterators$EmptyModifiableIterator;                  : loaded 2 times (x 66B)
Class com.google.common.collect.ImmutableRangeSet$Builder                             : loaded 2 times (x 74B)
Class com.google.common.collect.Lists$ReverseList$1                                   : loaded 2 times (x 96B)
Class com.google.common.collect.Sets$SetView                                          : loaded 2 times (x 135B)
Class com.google.common.cache.LocalCache$StrongValueReference                         : loaded 2 times (x 87B)
Class com.google.common.util.concurrent.AbstractFuture$SynchronizedHelper             : loaded 2 times (x 75B)
Class com.google.common.base.CharMatcher$Invisible                                    : loaded 2 times (x 109B)
Class settings_9hvi9ptwjkbs3bh23kblumypv$_run_closure1                                : loaded 2 times (x 136B)
Class com.google.common.graph.SuccessorsFunction                                      : loaded 2 times (x 67B)
Class org.objectweb.asm.Type                                                          : loaded 2 times (x 69B)
Class org.gradle.internal.classloader.VisitableURLClassLoader$InstrumentingVisitableURLClassLoader: loaded 2 times (x 120B)
Class org.apache.commons.io.file.Counters                                             : loaded 2 times (x 68B)
Class com.google.common.collect.MapMakerInternalMap$StrongKeyDummyValueEntry$Helper   : loaded 2 times (x 76B)
Class org.apache.commons.io.FileUtils                                                 : loaded 2 times (x 68B)
Class com.google.common.io.Files$FileByteSink                                         : loaded 2 times (x 74B)
Class org.objectweb.asm.ByteVector                                                    : loaded 2 times (x 76B)
Class [Lcom.google.common.cache.CacheBuilder$NullListener;                            : loaded 2 times (x 66B)
Class com.google.common.math.IntMath$1                                                : loaded 2 times (x 68B)
Class org.gradle.internal.classloader.VisitableURLClassLoader$Spec                    : loaded 2 times (x 71B)
Class org.gradle.internal.classpath.DefaultClassPath                                  : loaded 2 times (x 87B)
Class com.google.common.reflect.Types$ClassOwnership                                  : loaded 2 times (x 77B)
Class org.objectweb.asm.Symbol                                                        : loaded 2 times (x 70B)
Class com.google.common.base.AbstractIterator                                         : loaded 2 times (x 77B)
Class com.google.common.collect.Sets$FilteredSet                                      : loaded 2 times (x 134B)
Class com.google.common.io.Java8Compatibility                                         : loaded 2 times (x 68B)
Class com.google.common.io.Closer                                                     : loaded 2 times (x 75B)
Class com.google.common.collect.RegularImmutableMap$Values                            : loaded 2 times (x 204B)
Class com.google.common.collect.ImmutableSet                                          : loaded 2 times (x 142B)
Class com.google.common.base.CharMatcher$BitSetMatcher                                : loaded 2 times (x 109B)
Class com.google.common.base.CharMatcher$Ascii                                        : loaded 2 times (x 109B)
Class org.gradle.internal.classloader.ClassLoaderSpec                                 : loaded 2 times (x 68B)
Class com.google.common.io.ByteSource$EmptyByteSource                                 : loaded 2 times (x 82B)
Class net.rubygrapefruit.platform.internal.Platform$MacOs32Bit                        : loaded 2 times (x 79B)
Class net.rubygrapefruit.platform.internal.Platform$Linux64Bit                        : loaded 2 times (x 80B)
Class org.objectweb.asm.AnnotationWriter                                              : loaded 2 times (x 76B)
Class com.google.common.cache.CacheStats                                              : loaded 2 times (x 68B)
Class build_50kr4l46ob8xn5rj6gw5qa522$_run_closure1                                   : loaded 2 times (x 136B)
Class com.google.common.collect.ImmutableMultisetGwtSerializationDependencies         : loaded 2 times (x 122B)
Class com.google.common.collect.Interners                                             : loaded 2 times (x 68B)
Class com.google.common.io.Closer$Suppressor                                          : loaded 2 times (x 67B)
Class com.google.common.io.LineProcessor                                              : loaded 2 times (x 67B)
Class org.objectweb.asm.RecordComponentWriter                                         : loaded 2 times (x 75B)
Class com.google.common.util.concurrent.AbstractFuture$Listener                       : loaded 2 times (x 69B)
Class com.google.common.base.CharMatcher$Or                                           : loaded 2 times (x 109B)
Class [Lorg.objectweb.asm.Label;                                                      : loaded 2 times (x 66B)
Class org.objectweb.asm.Attribute                                                     : loaded 2 times (x 74B)
Class com.google.common.base.Supplier                                                 : loaded 2 times (x 67B)
Class org.gradle.internal.classloader.VisitableURLClassLoader                         : loaded 2 times (x 114B)
Class net.rubygrapefruit.platform.internal.FunctionResult$Failure                     : loaded 2 times (x 76B)
Class net.rubygrapefruit.platform.internal.NativeLibraryLoader                        : loaded 2 times (x 70B)
Class com.google.common.collect.ImmutableList$SerializedForm                          : loaded 2 times (x 70B)
Class org.apache.commons.io.file.PathVisitor                                          : loaded 2 times (x 67B)
Class com.google.common.util.concurrent.AbstractFuture$Waiter                         : loaded 2 times (x 69B)
Class org.gradle.internal.Cast                                                        : loaded 2 times (x 68B)
Class org.gradle.api.Action                                                           : loaded 2 times (x 67B)
Class com.google.common.collect.MapMakerInternalMap                                   : loaded 2 times (x 158B)
Class com.google.common.collect.HashBiMap                                             : loaded 2 times (x 140B)
Class com.google.common.collect.Sets                                                  : loaded 2 times (x 68B)
Class org.objectweb.asm.Handler                                                       : loaded 2 times (x 69B)
Class com.google.common.base.Ticker                                                   : loaded 2 times (x 69B)
Class com.google.common.base.Strings                                                  : loaded 2 times (x 68B)
Class com.google.common.base.CharMatcher$FastMatcher                                  : loaded 2 times (x 108B)
Class org.gradle.internal.agents.InstrumentingClassLoader                             : loaded 2 times (x 67B)
Class [Lcom.google.common.cache.LocalCache$Segment;                                   : loaded 2 times (x 66B)
Class [Lcom.google.common.cache.LocalCache$Strength;                                  : loaded 2 times (x 66B)
Class com.google.common.cache.CacheBuilder$1                                          : loaded 2 times (x 82B)
Class com.google.common.collect.ImmutableMap                                          : loaded 2 times (x 117B)
Class com.google.common.base.Predicate                                                : loaded 2 times (x 67B)
Class org.gradle.internal.classpath.DefaultClassPath$ImmutableUniqueList$Builder      : loaded 2 times (x 72B)
Class com.google.common.collect.MapMakerInternalMap$WeakValueReference                : loaded 2 times (x 67B)
Class com.google.common.collect.AbstractRangeSet                                      : loaded 2 times (x 111B)
Class com.google.common.cache.LocalCache                                              : loaded 2 times (x 184B)
Class com.google.common.cache.CacheBuilder$2                                          : loaded 2 times (x 69B)
Class com.google.common.base.CharMatcher$NegatedFastMatcher                           : loaded 2 times (x 110B)
Class [Lcom.google.common.collect.AbstractMapEntry;                                   : loaded 2 times (x 66B)
Class com.google.common.collect.ImmutableEntry                                        : loaded 2 times (x 79B)
Class com.google.common.collect.ArrayListMultimap                                     : loaded 2 times (x 169B)
Class com.google.common.base.AbstractIterator$1                                       : loaded 2 times (x 68B)
Class com.google.common.base.CharMatcher$Digit                                        : loaded 2 times (x 109B)
Class org.gradle.api.GradleException                                                  : loaded 2 times (x 79B)
Class com.google.common.base.Suppliers$MemoizingSupplier                              : loaded 2 times (x 76B)
Class org.apache.commons.io.StandardLineSeparator                                     : loaded 2 times (x 76B)
Class com.google.common.collect.CollectPreconditions                                  : loaded 2 times (x 68B)
Class com.google.common.base.CharMatcher$JavaIsoControl                               : loaded 2 times (x 109B)
Class com.google.common.collect.Maps$AbstractFilteredMap                              : loaded 2 times (x 124B)
Class [Lcom.google.common.collect.MapMakerInternalMap$Strength;                       : loaded 2 times (x 66B)
Class [Lcom.google.common.io.FileWriteMode;                                           : loaded 2 times (x 66B)
Class com.google.common.collect.SortedMapDifference                                   : loaded 2 times (x 67B)
Class com.google.common.base.CharMatcher$JavaLowerCase                                : loaded 2 times (x 108B)
Class net.rubygrapefruit.platform.internal.NativeLibraryLocator                       : loaded 2 times (x 70B)
Class net.rubygrapefruit.platform.Process                                             : loaded 2 times (x 67B)
Class com.google.common.collect.Iterables$4                                           : loaded 2 times (x 78B)
Class com.google.common.collect.MapMakerInternalMap$StrongKeyDummyValueSegment        : loaded 2 times (x 139B)
Class com.google.common.io.Files                                                      : loaded 2 times (x 68B)
Class com.google.common.cache.LocalCache$WriteThroughEntry                            : loaded 2 times (x 76B)
Class com.google.common.cache.LocalCache$HashIterator                                 : loaded 2 times (x 83B)
Class com.google.common.cache.LocalCache$EntryFactory                                 : loaded 2 times (x 80B)
Class com.google.common.collect.Iterables$5                                           : loaded 2 times (x 78B)
Class [Lcom.google.common.collect.MapMaker$Dummy;                                     : loaded 2 times (x 66B)
Class com.google.common.reflect.Types$NativeTypeVariableEquals                        : loaded 2 times (x 68B)
Class com.google.common.reflect.TypeParameter                                         : loaded 2 times (x 69B)
Class com.google.common.cache.LocalCache$AbstractReferenceEntry                       : loaded 2 times (x 104B)
Class com.google.common.base.Splitter$1$1                                             : loaded 2 times (x 83B)
Class com.google.common.base.CharMatcher$Whitespace                                   : loaded 2 times (x 109B)
Class org.gradle.internal.IoActions                                                   : loaded 2 times (x 68B)
Class org.apache.commons.io.filefilter.TrueFileFilter                                 : loaded 2 times (x 91B)
Class com.google.common.collect.ImmutableMapKeySet                                    : loaded 2 times (x 147B)
Class com.google.common.collect.ImmutableRangeSet$ComplementRanges                    : loaded 2 times (x 204B)
Class org.objectweb.asm.SymbolTable                                                   : loaded 2 times (x 69B)
Class com.google.common.cache.CacheLoader$InvalidCacheLoadException                   : loaded 2 times (x 79B)
Class com.google.common.collect.ImmutableSet$RegularSetBuilderImpl                    : loaded 2 times (x 74B)
Class com.google.common.base.CharMatcher$SingleWidth                                  : loaded 2 times (x 109B)
Class org.gradle.internal.classloader.SystemClassLoaderSpec                           : loaded 2 times (x 68B)
Class com.google.common.collect.FluentIterable                                        : loaded 2 times (x 78B)
Class com.google.common.cache.LocalCache$StrongEntry                                  : loaded 2 times (x 105B)
Class com.google.common.util.concurrent.AbstractFuture$TrustedFuture                  : loaded 2 times (x 111B)
Class com.google.common.cache.LoadingCache                                            : loaded 2 times (x 67B)
Class com.google.common.io.ByteStreams$LimitedInputStream                             : loaded 2 times (x 89B)
Class net.rubygrapefruit.platform.ProcessLauncher                                     : loaded 2 times (x 67B)
Class com.google.common.base.Suppliers$NonSerializableMemoizingSupplier               : loaded 2 times (x 76B)
Class org.objectweb.asm.MethodWriter                                                  : loaded 2 times (x 103B)
Class [Lcom.google.common.cache.Weigher;                                              : loaded 2 times (x 66B)
Class com.google.common.collect.RegularImmutableMap$BucketOverflowException           : loaded 2 times (x 79B)
Class com.google.common.collect.ImmutableMultimap$1                                   : loaded 2 times (x 79B)
Class com.google.common.collect.AbstractMapBasedMultimap$RandomAccessWrappedList      : loaded 2 times (x 202B)
Class build_50kr4l46ob8xn5rj6gw5qa522                                                 : loaded 2 times (x 177B)
Class com.google.common.collect.AbstractIterator$State                                : loaded 2 times (x 76B)
Class com.google.common.collect.ImmutableMultimap$2                                   : loaded 2 times (x 78B)
Class com.google.common.reflect.Types$JavaVersion$1                                   : loaded 2 times (x 80B)
Class com.google.common.collect.RegularImmutableBiMap                                 : loaded 2 times (x 145B)
Class com.google.common.cache.LocalCache$ValueReference                               : loaded 2 times (x 67B)
Class com.google.common.base.CharMatcher$Negated                                      : loaded 2 times (x 110B)
Class com.google.common.base.CharMatcher$Is                                           : loaded 2 times (x 108B)
Class com.google.common.reflect.Types$JavaVersion$2                                   : loaded 2 times (x 80B)
Class com.google.common.reflect.Types                                                 : loaded 2 times (x 68B)
Class com.google.common.hash.PrimitiveSink                                            : loaded 2 times (x 67B)
Class com.google.common.util.concurrent.AbstractFuture$Failure                        : loaded 2 times (x 69B)
Class com.google.common.base.Equivalence$Equals                                       : loaded 2 times (x 79B)
Class com.google.common.collect.Hashing                                               : loaded 2 times (x 68B)
Class com.google.common.base.PatternCompiler                                          : loaded 2 times (x 67B)
Class com.google.common.base.Preconditions                                            : loaded 2 times (x 68B)
Class com.google.common.collect.ImmutableSetMultimap                                  : loaded 2 times (x 177B)
Class [Lorg.apache.commons.io.file.DeleteOption;                                      : loaded 2 times (x 66B)
Class com.google.common.io.CharSink                                                   : loaded 2 times (x 76B)
Class com.google.common.reflect.Types$JavaVersion$3                                   : loaded 2 times (x 80B)
Class com.google.common.base.Joiner$1                                                 : loaded 2 times (x 77B)
Class org.objectweb.asm.Label                                                         : loaded 2 times (x 70B)
Class org.objectweb.asm.CurrentFrame                                                  : loaded 2 times (x 70B)
Class org.objectweb.asm.ClassTooLargeException                                        : loaded 2 times (x 80B)
Class com.google.common.collect.PeekingIterator                                       : loaded 2 times (x 67B)
Class com.google.common.base.CharMatcher                                              : loaded 2 times (x 108B)
Class com.google.common.io.ByteSource$AsCharSource                                    : loaded 2 times (x 83B)
Class com.google.common.collect.MapMakerInternalMap$InternalEntryHelper               : loaded 2 times (x 67B)
Class com.google.common.collect.RangeGwtSerializationDependencies                     : loaded 2 times (x 68B)
Class com.google.common.collect.Table                                                 : loaded 2 times (x 67B)
Class com.google.common.reflect.Types$JavaVersion$4                                   : loaded 2 times (x 80B)
Class com.google.common.collect.Maps$IteratorBasedAbstractMap                         : loaded 2 times (x 122B)
Class com.google.common.base.Joiner$2                                                 : loaded 2 times (x 76B)
Class org.objectweb.asm.Frame                                                         : loaded 2 times (x 70B)
Class org.objectweb.asm.MethodVisitor                                                 : loaded 2 times (x 102B)
Class com.google.common.cache.LocalCache$EntryFactory$1                               : loaded 2 times (x 80B)
Class [Lcom.google.common.cache.RemovalListener;                                      : loaded 2 times (x 66B)
Class com.google.common.base.CharMatcher$1                                            : loaded 2 times (x 110B)
Class com.google.common.base.CharMatcher$NamedFastMatcher                             : loaded 2 times (x 109B)
Class com.google.common.collect.RangeSet                                              : loaded 2 times (x 67B)
Class com.google.common.reflect.Types$JavaVersion$5                                   : loaded 2 times (x 68B)
Class [Lcom.google.common.reflect.Types$ClassOwnership;                               : loaded 2 times (x 66B)
Class com.google.common.cache.LocalCache$EntryFactory$2                               : loaded 2 times (x 80B)
Class com.google.common.collect.CollectCollectors                                     : loaded 2 times (x 68B)
Class org.objectweb.asm.ModuleWriter                                                  : loaded 2 times (x 79B)
Class com.google.common.cache.LocalCache$EntryFactory$3                               : loaded 2 times (x 80B)
Class com.google.common.base.Ticker$1                                                 : loaded 2 times (x 69B)
Class com.google.common.collect.ImmutableMapEntrySet$RegularEntrySet                  : loaded 2 times (x 148B)
Class com.google.common.collect.Maps$BiMapConverter                                   : loaded 2 times (x 87B)
Class net.rubygrapefruit.platform.internal.Platform$MacOs                             : loaded 2 times (x 79B)
Class net.rubygrapefruit.platform.internal.Platform$Window64Bit                       : loaded 2 times (x 76B)
Class com.google.common.collect.SetMultimap                                           : loaded 2 times (x 67B)
Class com.google.common.cache.LocalCache$EntryFactory$4                               : loaded 2 times (x 80B)
Class com.google.common.collect.ImmutableSet$Builder                                  : loaded 2 times (x 82B)
Class com.google.common.base.CharMatcher$InRange                                      : loaded 2 times (x 108B)
Class com.google.common.io.ByteStreams$1                                              : loaded 2 times (x 82B)
Class com.google.common.cache.LocalCache$EntryFactory$5                               : loaded 2 times (x 80B)
Class org.apache.commons.io.output.AppendableWriter                                   : loaded 2 times (x 97B)
Class com.google.common.cache.LocalCache$EntryFactory$6                               : loaded 2 times (x 80B)
Class org.gradle.internal.installation.CurrentGradleInstallationLocator               : loaded 2 times (x 68B)
Class com.google.common.io.ByteSource$SlicedByteSource                                : loaded 2 times (x 82B)
Class org.apache.commons.io.file.SimplePathVisitor                                    : loaded 2 times (x 82B)
Class com.google.common.collect.ImmutableMultimap$Builder                             : loaded 2 times (x 80B)
Class org.objectweb.asm.ClassReader                                                   : loaded 2 times (x 90B)
Class org.apache.commons.io.output.ThresholdingOutputStream                           : loaded 2 times (x 91B)
Class com.google.common.collect.Maps$KeySet                                           : loaded 2 times (x 134B)
Class com.google.common.cache.LocalCache$EntryFactory$7                               : loaded 2 times (x 80B)
Class com.google.common.collect.ImmutableSet$EmptySetBuilderImpl                      : loaded 2 times (x 73B)
Class com.google.common.collect.ImmutableList                                         : loaded 2 times (x 203B)
Class org.gradle.internal.service.DefaultServiceLocator                               : loaded 2 times (x 80B)
Class com.google.common.collect.ImmutableMultimap$EntryCollection                     : loaded 2 times (x 124B)
Class com.google.common.collect.Maps$EntrySet                                         : loaded 2 times (x 133B)
Class com.google.common.cache.LocalCache$EntryFactory$8                               : loaded 2 times (x 80B)
Class com.google.common.collect.ImmutableSet$SetBuilderImpl                           : loaded 2 times (x 73B)
Class org.gradle.internal.installation.CurrentGradleInstallation                      : loaded 2 times (x 70B)
Class com.google.common.cache.CacheLoader$1                                           : loaded 2 times (x 72B)
Class com.google.common.collect.ForwardingObject                                      : loaded 2 times (x 69B)
Class com.google.common.collect.ImmutableList$SubList                                 : loaded 2 times (x 205B)
Class org.gradle.util.internal.GUtil                                                  : loaded 2 times (x 68B)
Class com.google.common.io.ByteSource                                                 : loaded 2 times (x 81B)
Class com.google.common.util.concurrent.AbstractFuture$SetFuture                      : loaded 2 times (x 72B)
Class com.google.common.cache.AbstractCache$StatsCounter                              : loaded 2 times (x 67B)
Class com.google.common.io.LineBuffer                                                 : loaded 2 times (x 72B)
Class com.google.common.collect.MapMakerInternalMap$1                                 : loaded 2 times (x 80B)
Class org.objectweb.asm.Context                                                       : loaded 2 times (x 69B)
Class com.google.common.reflect.Types$TypeVariableImpl                                : loaded 2 times (x 69B)
Class com.google.common.collect.Iterators$MergingIterator                             : loaded 2 times (x 78B)
Class com.google.common.collect.RegularImmutableSet                                   : loaded 2 times (x 145B)
Class org.gradle.internal.installation.GradleInstallation                             : loaded 2 times (x 72B)
Class com.google.common.collect.Iterables                                             : loaded 2 times (x 68B)
Class com.google.common.base.Splitter$Strategy                                        : loaded 2 times (x 67B)
Class build_2vm8f9q00t7tuhno854drtvg2$_run_closure1$_closure4$_closure8               : loaded 2 times (x 136B)
Class com.google.common.collect.Lists$RandomAccessReverseList                         : loaded 2 times (x 197B)

---------------  S Y S T E M  ---------------

OS:
 Windows 10 , 64 bit Build 19041 (10.0.19041.5678)
OS uptime: 8 days 15:41 hours
Hyper-V role detected

CPU: total 8 (initial active 8) (4 cores per cpu, 2 threads per core) family 6 model 165 stepping 2 microcode 0x100, cx8, cmov, fxsr, ht, mmx, 3dnowpref, sse, sse2, sse3, ssse3, sse4.1, sse4.2, popcnt, lzcnt, tsc, tscinvbit, avx, avx2, aes, erms, clmul, bmi1, bmi2, adx, fma, vzeroupper, clflush, clflushopt, hv, rdtscp, f16c
Processor Information for all 8 processors :
  Max Mhz: 2400, Current Mhz: 2400, Mhz Limit: 2400

Memory: 4k page, system-wide physical 7967M (683M free)
TotalPageFile size 32543M (AvailPageFile size 473M)
current process WorkingSet (physical memory assigned to process): 580M, peak: 769M
current process commit charge ("private bytes"): 1558M, peak: 1560M

vm_info: OpenJDK 64-Bit Server VM (21.0.3+-12282718-b509.11) for windows-amd64 JRE (21.0.3+-12282718-b509.11), built on 2024-08-27T17:34:15Z by "builder" with MS VC++ 16.10 / 16.11 (VS2019)

END.
